일자,지역,PM2.5,PM10
2024-01-01,강남구,22.0,27.0
2024-01-01,강동구,16.5,23.0
2024-01-01,강북구,16.0,20.0
2024-01-01,강서구,21.0,27.5
2024-01-01,관악구,25.0,34.0
2024-01-01,광진구,13.0,20.0
2024-01-01,구로구,25.0,31.0
2024-01-01,금천구,22.0,29.0
2024-01-01,노원구,17.5,23.5
2024-01-01,도봉구,16.0,19.0
2024-01-01,동대문구,17.0,23.0
2024-01-01,동작구,21.0,28.5
2024-01-01,마포구,23.0,25.5
2024-01-01,서대문구,19.0,23.0
2024-01-01,서초구,22.5,28.0
2024-01-01,성동구,21.0,26.5
2024-01-01,성북구,18.0,22.0
2024-01-01,송파구,18.0,22.0
2024-01-01,양천구,25.0,30.0
2024-01-01,영등포구,22.0,26.0
2024-01-01,용산구,20.0,26.0
2024-01-01,은평구,17.0,23.0
2024-01-01,종로구,18.0,23.0
2024-01-01,중구,20.0,22.0
2024-01-01,중랑구,16.0,22.0
2024-01-02,강남구,31.0,43.0
2024-01-02,강동구,29.0,40.0
2024-01-02,강북구,25.0,34.0
2024-01-02,강서구,27.5,42.0
2024-01-02,관악구,28.0,44.0
2024-01-02,광진구,26.0,37.0
2024-01-02,구로구,29.0,44.0
2024-01-02,금천구,31.0,44.0
2024-01-02,노원구,27.5,38.5
2024-01-02,도봉구,25.0,31.0
2024-01-02,동대문구,26.0,39.0
2024-01-02,동작구,30.5,43.5
2024-01-02,마포구,31.5,41.5
2024-01-02,서대문구,30.0,38.0
2024-01-02,서초구,31.5,44.0
2024-01-02,성동구,29.0,39.5
2024-01-02,성북구,28.5,39.0
2024-01-02,송파구,29.0,41.0
2024-01-02,양천구,33.0,43.0
2024-01-02,영등포구,29.5,39.0
2024-01-02,용산구,28.5,41.0
2024-01-02,은평구,28.0,39.0
2024-01-02,종로구,28.0,39.5
2024-01-02,중구,29.5,38.0
2024-01-02,중랑구,28.0,35.0
2024-01-03,강남구,33.0,45.5
2024-01-03,강동구,29.0,42.5
2024-01-03,강북구,26.0,36.0
2024-01-03,강서구,28.5,43.0
2024-01-03,관악구,30.0,49.0
2024-01-03,광진구,26.0,39.0
2024-01-03,구로구,33.0,49.0
2024-01-03,금천구,32.0,46.0
2024-01-03,노원구,28.5,42.5
2024-01-03,도봉구,28.0,36.0
2024-01-03,동대문구,27.0,41.0
2024-01-03,동작구,29.0,44.5
2024-01-03,마포구,31.5,42.5
2024-01-03,서대문구,30.0,39.0
2024-01-03,서초구,33.5,47.0
2024-01-03,성동구,31.0,43.0
2024-01-03,성북구,29.0,41.0
2024-01-03,송파구,29.0,41.0
2024-01-03,양천구,33.0,46.0
2024-01-03,영등포구,30.0,41.5
2024-01-03,용산구,29.5,42.5
2024-01-03,은평구,30.0,42.0
2024-01-03,종로구,27.5,41.5
2024-01-03,중구,28.5,40.5
2024-01-03,중랑구,28.0,36.0
2024-01-04,강남구,38.0,54.5
2024-01-04,강동구,38.0,57.0
2024-01-04,강북구,37.0,54.0
2024-01-04,강서구,31.5,49.5
2024-01-04,관악구,32.0,52.0
2024-01-04,광진구,33.0,51.0
2024-01-04,구로구,35.0,54.0
2024-01-04,금천구,33.5,50.0
2024-01-04,노원구,39.0,57.0
2024-01-04,도봉구,39.0,51.0
2024-01-04,동대문구,34.0,53.5
2024-01-04,동작구,33.0,50.0
2024-01-04,마포구,37.5,51.0
2024-01-04,서대문구,37.0,49.0
2024-01-04,서초구,36.0,52.0
2024-01-04,성동구,38.0,54.5
2024-01-04,성북구,40.0,56.0
2024-01-04,송파구,36.0,50.0
2024-01-04,양천구,37.0,52.0
2024-01-04,영등포구,34.0,48.5
2024-01-04,용산구,32.5,55.0
2024-01-04,은평구,35.0,50.0
2024-01-04,종로구,35.5,53.5
2024-01-04,중구,37.0,52.5
2024-01-04,중랑구,36.0,47.0
2024-01-05,강남구,62.5,87.5
2024-01-05,강동구,54.0,83.5
2024-01-05,강북구,57.0,82.0
2024-01-05,강서구,51.0,77.0
2024-01-05,관악구,55.0,91.0
2024-01-05,광진구,47.0,75.0
2024-01-05,구로구,58.0,88.0
2024-01-05,금천구,55.5,84.5
2024-01-05,노원구,55.0,82.0
2024-01-05,도봉구,59.0,77.0
2024-01-05,동대문구,51.0,80.5
2024-01-05,동작구,52.0,84.5
2024-01-05,마포구,57.0,79.0
2024-01-05,서대문구,59.0,79.0
2024-01-05,서초구,61.5,88.5
2024-01-05,성동구,57.0,85.5
2024-01-05,성북구,60.5,88.5
2024-01-05,송파구,49.0,74.0
2024-01-05,양천구,57.0,81.0
2024-01-05,영등포구,52.5,76.0
2024-01-05,용산구,51.0,84.0
2024-01-05,은평구,60.0,87.0
2024-01-05,종로구,53.5,84.0
2024-01-05,중구,55.0,82.0
2024-01-05,중랑구,55.0,72.0
2024-01-06,강남구,13.5,24.5
2024-01-06,강동구,12.5,28.0
2024-01-06,강북구,13.0,22.0
2024-01-06,강서구,12.0,25.0
2024-01-06,관악구,12.0,25.0
2024-01-06,광진구,12.0,26.0
2024-01-06,구로구,12.0,25.0
2024-01-06,금천구,11.0,23.5
2024-01-06,노원구,17.5,31.0
2024-01-06,도봉구,14.0,19.0
2024-01-06,동대문구,13.5,26.5
2024-01-06,동작구,12.0,24.0
2024-01-06,마포구,13.0,24.5
2024-01-06,서대문구,15.0,23.0
2024-01-06,서초구,11.0,33.0
2024-01-06,성동구,13.5,26.5
2024-01-06,성북구,15.5,28.5
2024-01-06,송파구,12.0,25.0
2024-01-06,양천구,13.0,25.0
2024-01-06,영등포구,11.5,22.0
2024-01-06,용산구,12.5,24.5
2024-01-06,은평구,16.0,27.0
2024-01-06,종로구,13.5,24.5
2024-01-06,중구,12.5,23.0
2024-01-06,중랑구,15.0,23.0
2024-01-07,강남구,14.5,24.5
2024-01-07,강동구,12.5,24.5
2024-01-07,강북구,14.0,23.0
2024-01-07,강서구,12.0,26.0
2024-01-07,관악구,13.0,25.0
2024-01-07,광진구,13.0,24.0
2024-01-07,구로구,14.0,26.0
2024-01-07,금천구,14.0,23.5
2024-01-07,노원구,13.0,24.0
2024-01-07,도봉구,14.0,20.0
2024-01-07,동대문구,13.0,23.5
2024-01-07,동작구,13.5,25.0
2024-01-07,마포구,14.0,24.5
2024-01-07,서대문구,15.0,23.0
2024-01-07,서초구,13.0,27.0
2024-01-07,성동구,14.5,24.0
2024-01-07,성북구,15.0,24.5
2024-01-07,송파구,13.0,24.0
2024-01-07,양천구,16.0,25.0
2024-01-07,영등포구,13.5,22.0
2024-01-07,용산구,12.5,24.0
2024-01-07,은평구,14.0,25.0
2024-01-07,종로구,13.5,24.0
2024-01-07,중구,13.5,22.5
2024-01-07,중랑구,14.0,21.0
2024-01-08,강남구,15.0,25.0
2024-01-08,강동구,12.0,24.5
2024-01-08,강북구,13.0,23.0
2024-01-08,강서구,12.0,24.0
2024-01-08,관악구,11.0,24.0
2024-01-08,광진구,12.0,23.0
2024-01-08,구로구,13.0,27.0
2024-01-08,금천구,14.0,25.0
2024-01-08,노원구,15.5,27.0
2024-01-08,도봉구,13.0,21.0
2024-01-08,동대문구,11.5,22.0
2024-01-08,동작구,14.5,25.0
2024-01-08,마포구,14.5,23.5
2024-01-08,서대문구,14.0,22.0
2024-01-08,서초구,13.0,28.0
2024-01-08,성동구,14.0,24.5
2024-01-08,성북구,14.5,25.0
2024-01-08,송파구,13.0,24.0
2024-01-08,양천구,14.0,25.0
2024-01-08,영등포구,14.0,22.5
2024-01-08,용산구,12.5,24.5
2024-01-08,은평구,11.0,23.0
2024-01-08,종로구,13.5,23.5
2024-01-08,중구,13.5,23.5
2024-01-08,중랑구,14.0,21.0
2024-01-09,강남구,27.0,36.0
2024-01-09,강동구,22.5,33.0
2024-01-09,강북구,26.0,34.0
2024-01-09,강서구,22.5,32.0
2024-01-09,관악구,23.0,36.0
2024-01-09,광진구,22.0,30.0
2024-01-09,구로구,28.0,40.0
2024-01-09,금천구,24.0,34.5
2024-01-09,노원구,25.5,37.0
2024-01-09,도봉구,28.0,34.0
2024-01-09,동대문구,23.5,33.5
2024-01-09,동작구,25.0,37.5
2024-01-09,마포구,27.5,29.5
2024-01-09,서대문구,27.0,33.0
2024-01-09,서초구,28.0,38.0
2024-01-09,성동구,25.5,36.5
2024-01-09,성북구,26.0,38.0
2024-01-09,송파구,20.0,29.0
2024-01-09,양천구,27.0,38.0
2024-01-09,영등포구,26.0,34.5
2024-01-09,용산구,24.0,33.0
2024-01-09,은평구,27.0,36.0
2024-01-09,종로구,27.5,36.0
2024-01-09,중구,25.5,33.5
2024-01-09,중랑구,24.0,31.0
2024-01-10,강남구,59.0,72.0
2024-01-10,강동구,51.0,64.0
2024-01-10,강북구,49.0,65.0
2024-01-10,강서구,53.5,73.5
2024-01-10,관악구,54.0,74.0
2024-01-10,광진구,47.0,59.0
2024-01-10,구로구,61.0,78.0
2024-01-10,금천구,60.0,74.0
2024-01-10,노원구,55.5,72.0
2024-01-10,도봉구,56.0,65.0
2024-01-10,동대문구,51.5,67.5
2024-01-10,동작구,53.5,71.0
2024-01-10,마포구,59.0,66.5
2024-01-10,서대문구,57.0,66.0
2024-01-10,서초구,59.0,73.0
2024-01-10,성동구,54.5,69.5
2024-01-10,성북구,56.0,71.5
2024-01-10,송파구,45.0,60.0
2024-01-10,양천구,68.0,82.0
2024-01-10,영등포구,59.5,69.5
2024-01-10,용산구,51.5,65.5
2024-01-10,은평구,54.0,67.0
2024-01-10,종로구,56.0,68.0
2024-01-10,중구,55.0,68.0
2024-01-10,중랑구,53.0,61.0
2024-01-11,강남구,53.0,67.0
2024-01-11,강동구,49.5,64.5
2024-01-11,강북구,51.0,67.0
2024-01-11,강서구,45.0,63.0
2024-01-11,관악구,44.0,63.0
2024-01-11,광진구,57.0,66.0
2024-01-11,구로구,50.0,67.0
2024-01-11,금천구,50.5,65.5
2024-01-11,노원구,51.0,67.0
2024-01-11,도봉구,51.0,61.0
2024-01-11,동대문구,47.0,62.5
2024-01-11,동작구,48.0,65.5
2024-01-11,마포구,51.0,58.5
2024-01-11,서대문구,48.0,61.0
2024-01-11,서초구,52.5,69.0
2024-01-11,성동구,51.0,66.0
2024-01-11,성북구,50.0,65.5
2024-01-11,송파구,41.0,56.0
2024-01-11,양천구,54.0,68.0
2024-01-11,영등포구,49.5,59.0
2024-01-11,용산구,46.5,62.5
2024-01-11,은평구,48.0,62.0
2024-01-11,종로구,51.0,65.0
2024-01-11,중구,48.5,63.5
2024-01-11,중랑구,50.0,58.0
2024-01-12,강남구,37.0,58.0
2024-01-12,강동구,35.0,56.5
2024-01-12,강북구,34.0,52.0
2024-01-12,강서구,33.0,57.0
2024-01-12,관악구,34.0,58.0
2024-01-12,광진구,10.0,25.0
2024-01-12,구로구,37.0,60.0
2024-01-12,금천구,35.5,58.5
2024-01-12,노원구,34.5,56.0
2024-01-12,도봉구,35.0,51.0
2024-01-12,동대문구,31.5,53.0
2024-01-12,동작구,35.0,60.0
2024-01-12,마포구,37.0,55.5
2024-01-12,서대문구,36.0,52.0
2024-01-12,서초구,37.0,63.0
2024-01-12,성동구,33.5,56.5
2024-01-12,성북구,33.5,54.0
2024-01-12,송파구,31.0,54.0
2024-01-12,양천구,38.0,58.0
2024-01-12,영등포구,36.0,52.0
2024-01-12,용산구,32.5,56.0
2024-01-12,은평구,33.0,54.0
2024-01-12,종로구,35.5,54.0
2024-01-12,중구,35.5,55.0
2024-01-12,중랑구,35.0,46.0
2024-01-13,강남구,14.0,30.0
2024-01-13,강동구,13.0,30.5
2024-01-13,강북구,14.0,24.0
2024-01-13,강서구,13.0,27.0
2024-01-13,관악구,13.0,27.0
2024-01-13,광진구,11.0,26.0
2024-01-13,구로구,13.0,28.0
2024-01-13,금천구,13.0,28.5
2024-01-13,노원구,14.0,28.5
2024-01-13,도봉구,13.0,22.0
2024-01-13,동대문구,13.5,28.0
2024-01-13,동작구,12.0,26.5
2024-01-13,마포구,14.5,28.5
2024-01-13,서대문구,16.0,27.0
2024-01-13,서초구,13.0,32.0
2024-01-13,성동구,14.0,29.5
2024-01-13,성북구,13.5,30.5
2024-01-13,송파구,12.0,27.0
2024-01-13,양천구,13.0,26.0
2024-01-13,영등포구,13.5,23.5
2024-01-13,용산구,14.0,32.0
2024-01-13,은평구,10.0,24.0
2024-01-13,종로구,14.0,26.5
2024-01-13,중구,13.5,25.5
2024-01-13,중랑구,12.0,20.0
2024-01-14,강남구,24.5,34.5
2024-01-14,강동구,23.5,33.5
2024-01-14,강북구,24.0,32.0
2024-01-14,강서구,20.5,32.5
2024-01-14,관악구,22.0,35.0
2024-01-14,광진구,21.0,30.0
2024-01-14,구로구,23.0,36.0
2024-01-14,금천구,21.5,33.5
2024-01-14,노원구,24.5,35.5
2024-01-14,도봉구,24.0,30.0
2024-01-14,동대문구,23.0,34.0
2024-01-14,동작구,22.5,35.0
2024-01-14,마포구,25.0,33.0
2024-01-14,서대문구,23.0,31.0
2024-01-14,서초구,23.0,34.0
2024-01-14,성동구,24.5,33.0
2024-01-14,성북구,26.0,35.0
2024-01-14,송파구,21.0,31.0
2024-01-14,양천구,23.0,34.0
2024-01-14,영등포구,23.0,32.0
2024-01-14,용산구,23.0,34.0
2024-01-14,은평구,20.0,31.0
2024-01-14,종로구,25.5,33.5
2024-01-14,중구,24.5,33.5
2024-01-14,중랑구,23.0,30.0
2024-01-15,강남구,12.0,25.0
2024-01-15,강동구,9.5,25.5
2024-01-15,강북구,11.0,19.0
2024-01-15,강서구,8.5,27.0
2024-01-15,관악구,9.0,23.0
2024-01-15,광진구,10.0,24.0
2024-01-15,구로구,7.0,25.0
2024-01-15,금천구,8.5,23.5
2024-01-15,노원구,10.5,23.5
2024-01-15,도봉구,10.0,17.0
2024-01-15,동대문구,10.0,23.0
2024-01-15,동작구,10.5,25.0
2024-01-15,마포구,10.5,25.0
2024-01-15,서대문구,12.0,21.0
2024-01-15,서초구,9.0,29.5
2024-01-15,성동구,12.0,24.5
2024-01-15,성북구,11.0,23.0
2024-01-15,송파구,12.0,27.0
2024-01-15,양천구,9.0,22.0
2024-01-15,영등포구,9.5,21.5
2024-01-15,용산구,10.0,25.5
2024-01-15,은평구,10.0,22.0
2024-01-15,종로구,12.0,22.0
2024-01-15,중구,11.0,22.0
2024-01-15,중랑구,10.0,19.0
2024-01-16,강남구,19.5,36.0
2024-01-16,강동구,18.0,35.0
2024-01-16,강북구,17.0,27.0
2024-01-16,강서구,15.5,33.0
2024-01-16,관악구,20.0,36.0
2024-01-16,광진구,15.0,29.0
2024-01-16,구로구,19.0,42.0
2024-01-16,금천구,18.5,39.5
2024-01-16,노원구,18.0,32.5
2024-01-16,도봉구,18.0,26.0
2024-01-16,동대문구,15.0,31.0
2024-01-16,동작구,19.5,36.5
2024-01-16,마포구,20.0,33.5
2024-01-16,서대문구,20.0,31.0
2024-01-16,서초구,20.0,40.5
2024-01-16,성동구,18.0,34.0
2024-01-16,성북구,18.5,33.5
2024-01-16,송파구,17.0,33.0
2024-01-16,양천구,18.0,34.0
2024-01-16,영등포구,19.5,32.0
2024-01-16,용산구,18.0,36.5
2024-01-16,은평구,13.0,27.0
2024-01-16,종로구,19.0,32.0
2024-01-16,중구,18.5,31.5
2024-01-16,중랑구,16.0,24.0
2024-01-17,강남구,30.0,39.5
2024-01-17,강동구,28.0,36.5
2024-01-17,강북구,27.0,34.0
2024-01-17,강서구,24.0,38.0
2024-01-17,관악구,26.0,40.0
2024-01-17,광진구,22.0,30.0
2024-01-17,구로구,29.0,40.0
2024-01-17,금천구,28.0,41.0
2024-01-17,노원구,29.5,42.5
2024-01-17,도봉구,31.0,39.0
2024-01-17,동대문구,25.5,36.5
2024-01-17,동작구,28.0,41.0
2024-01-17,마포구,26.0,33.0
2024-01-17,서대문구,23.0,29.0
2024-01-17,서초구,30.5,42.0
2024-01-17,성동구,28.5,38.5
2024-01-17,성북구,27.5,38.5
2024-01-17,송파구,25.0,44.0
2024-01-17,양천구,29.0,42.0
2024-01-17,영등포구,28.0,36.5
2024-01-17,용산구,24.5,35.0
2024-01-17,은평구,18.0,30.0
2024-01-17,종로구,28.0,37.5
2024-01-17,중구,26.5,35.0
2024-01-17,중랑구,26.0,32.0
2024-01-18,강남구,22.0,29.0
2024-01-18,강동구,21.5,26.0
2024-01-18,강북구,21.0,25.0
2024-01-18,강서구,20.0,28.0
2024-01-18,관악구,18.0,25.0
2024-01-18,광진구,17.0,23.0
2024-01-18,구로구,21.0,29.0
2024-01-18,금천구,19.5,26.5
2024-01-18,노원구,20.0,28.0
2024-01-18,도봉구,23.0,26.0
2024-01-18,동대문구,18.5,25.5
2024-01-18,동작구,18.5,26.5
2024-01-18,마포구,21.5,25.0
2024-01-18,서대문구,21.0,25.0
2024-01-18,서초구,23.0,30.5
2024-01-18,성동구,22.5,27.5
2024-01-18,성북구,21.0,28.0
2024-01-18,송파구,19.0,25.0
2024-01-18,양천구,21.0,29.0
2024-01-18,영등포구,22.0,26.5
2024-01-18,용산구,20.0,26.0
2024-01-18,은평구,11.0,17.0
2024-01-18,종로구,20.5,26.5
2024-01-18,중구,20.5,25.5
2024-01-18,중랑구,18.0,23.0
2024-01-19,강남구,8.5,15.0
2024-01-19,강동구,6.0,11.5
2024-01-19,강북구,8.0,12.0
2024-01-19,강서구,8.0,14.0
2024-01-19,관악구,8.0,16.0
2024-01-19,광진구,7.0,12.0
2024-01-19,구로구,7.0,14.0
2024-01-19,금천구,8.5,18.5
2024-01-19,노원구,8.5,15.5
2024-01-19,도봉구,9.0,12.0
2024-01-19,동대문구,6.5,13.5
2024-01-19,동작구,9.5,17.0
2024-01-19,마포구,8.5,14.0
2024-01-19,서대문구,8.0,11.0
2024-01-19,서초구,7.5,17.0
2024-01-19,성동구,8.5,12.0
2024-01-19,성북구,8.5,15.5
2024-01-19,송파구,9.0,15.0
2024-01-19,양천구,8.0,15.0
2024-01-19,영등포구,10.0,14.5
2024-01-19,용산구,8.5,15.5
2024-01-19,은평구,6.0,11.0
2024-01-19,종로구,8.0,14.5
2024-01-19,중구,8.5,14.0
2024-01-19,중랑구,7.0,11.0
2024-01-20,강남구,3.0,6.0
2024-01-20,강동구,2.0,4.5
2024-01-20,강북구,1.0,3.0
2024-01-20,강서구,2.0,5.0
2024-01-20,관악구,2.0,7.0
2024-01-20,광진구,1.0,4.0
2024-01-20,구로구,2.0,6.0
2024-01-20,금천구,2.5,6.5
2024-01-20,노원구,3.5,6.0
2024-01-20,도봉구,2.0,3.0
2024-01-20,동대문구,2.5,5.5
2024-01-20,동작구,3.0,6.5
2024-01-20,마포구,2.5,5.0
2024-01-20,서대문구,2.0,5.0
2024-01-20,서초구,2.5,8.0
2024-01-20,성동구,3.0,4.5
2024-01-20,성북구,2.0,6.5
2024-01-20,송파구,3.0,6.0
2024-01-20,양천구,2.0,6.0
2024-01-20,영등포구,3.0,6.5
2024-01-20,용산구,2.5,7.5
2024-01-20,은평구,1.0,5.0
2024-01-20,종로구,2.5,5.5
2024-01-20,중구,2.5,5.0
2024-01-20,중랑구,2.0,4.0
2024-01-21,강남구,11.0,16.0
2024-01-21,강동구,14.0,16.5
2024-01-21,강북구,12.0,19.0
2024-01-21,강서구,11.0,15.0
2024-01-21,관악구,9.0,15.0
2024-01-21,광진구,10.0,13.0
2024-01-21,구로구,9.0,15.0
2024-01-21,금천구,13.5,16.0
2024-01-21,노원구,11.5,16.0
2024-01-21,도봉구,10.0,13.0
2024-01-21,동대문구,10.5,16.0
2024-01-21,동작구,11.5,15.0
2024-01-21,마포구,13.0,17.5
2024-01-21,서대문구,11.0,14.0
2024-01-21,서초구,10.0,15.5
2024-01-21,성동구,10.5,14.5
2024-01-21,성북구,9.5,14.0
2024-01-21,송파구,8.0,13.0
2024-01-21,양천구,12.0,15.0
2024-01-21,영등포구,10.5,16.5
2024-01-21,용산구,10.5,16.5
2024-01-21,은평구,11.0,15.0
2024-01-21,종로구,12.0,17.5
2024-01-21,중구,10.5,15.5
2024-01-21,중랑구,9.0,12.0
2024-01-22,강남구,19.5,29.5
2024-01-22,강동구,19.5,28.5
2024-01-22,강북구,23.0,46.0
2024-01-22,강서구,18.0,33.0
2024-01-22,관악구,19.0,32.0
2024-01-22,광진구,20.0,30.0
2024-01-22,구로구,17.0,28.0
2024-01-22,금천구,18.0,28.5
2024-01-22,노원구,24.5,36.5
2024-01-22,도봉구,20.0,28.0
2024-01-22,동대문구,19.0,30.5
2024-01-22,동작구,19.5,39.0
2024-01-22,마포구,19.5,30.5
2024-01-22,서대문구,19.0,29.0
2024-01-22,서초구,18.0,37.0
2024-01-22,성동구,20.0,30.0
2024-01-22,성북구,21.0,30.0
2024-01-22,송파구,20.0,30.0
2024-01-22,양천구,21.0,34.0
2024-01-22,영등포구,19.5,28.5
2024-01-22,용산구,20.0,30.0
2024-01-22,은평구,18.0,28.0
2024-01-22,종로구,21.0,31.5
2024-01-22,중구,20.0,31.0
2024-01-22,중랑구,21.0,27.0
2024-01-23,강남구,11.0,21.0
2024-01-23,강동구,10.5,21.5
2024-01-23,강북구,13.0,23.0
2024-01-23,강서구,10.0,24.0
2024-01-23,관악구,11.0,22.0
2024-01-23,광진구,11.0,19.0
2024-01-23,구로구,9.0,23.0
2024-01-23,금천구,12.0,21.0
2024-01-23,노원구,13.0,25.0
2024-01-23,도봉구,13.0,21.0
2024-01-23,동대문구,10.5,20.0
2024-01-23,동작구,13.0,23.5
2024-01-23,마포구,12.5,23.0
2024-01-23,서대문구,12.0,21.0
2024-01-23,서초구,10.5,27.0
2024-01-23,성동구,13.5,22.0
2024-01-23,성북구,11.5,20.5
2024-01-23,송파구,13.0,23.0
2024-01-23,양천구,13.0,23.0
2024-01-23,영등포구,11.5,20.0
2024-01-23,용산구,11.0,22.5
2024-01-23,은평구,9.0,23.0
2024-01-23,종로구,13.0,21.5
2024-01-23,중구,12.5,21.5
2024-01-23,중랑구,13.0,20.0
2024-01-24,강남구,10.5,23.5
2024-01-24,강동구,9.5,22.5
2024-01-24,강북구,11.0,22.0
2024-01-24,강서구,10.5,27.0
2024-01-24,관악구,11.0,23.0
2024-01-24,광진구,10.0,20.0
2024-01-24,구로구,9.0,26.0
2024-01-24,금천구,11.5,23.5
2024-01-24,노원구,12.5,24.0
2024-01-24,도봉구,12.0,21.0
2024-01-24,동대문구,11.0,22.0
2024-01-24,동작구,12.5,24.0
2024-01-24,마포구,12.5,26.0
2024-01-24,서대문구,11.0,24.0
2024-01-24,서초구,9.5,30.5
2024-01-24,성동구,13.0,24.5
2024-01-24,성북구,11.0,22.0
2024-01-24,송파구,12.0,25.0
2024-01-24,양천구,13.0,24.0
2024-01-24,영등포구,12.0,22.0
2024-01-24,용산구,10.5,27.0
2024-01-24,은평구,9.0,26.0
2024-01-24,종로구,12.5,23.0
2024-01-24,중구,11.5,22.5
2024-01-24,중랑구,11.0,19.0
2024-01-25,강남구,11.5,23.0
2024-01-25,강동구,12.0,24.5
2024-01-25,강북구,13.0,21.0
2024-01-25,강서구,11.0,24.0
2024-01-25,관악구,12.0,22.0
2024-01-25,광진구,12.0,20.0
2024-01-25,구로구,10.0,24.0
2024-01-25,금천구,11.5,22.0
2024-01-25,노원구,14.0,26.0
2024-01-25,도봉구,12.0,20.0
2024-01-25,동대문구,12.0,22.5
2024-01-25,동작구,13.5,24.0
2024-01-25,마포구,13.5,24.0
2024-01-25,서대문구,14.0,23.0
2024-01-25,서초구,11.0,26.0
2024-01-25,성동구,13.0,22.5
2024-01-25,성북구,13.5,23.5
2024-01-25,송파구,13.0,24.0
2024-01-25,양천구,13.0,23.0
2024-01-25,영등포구,12.5,21.5
2024-01-25,용산구,12.5,25.0
2024-01-25,은평구,11.0,22.0
2024-01-25,종로구,14.0,23.5
2024-01-25,중구,13.5,22.5
2024-01-25,중랑구,14.0,21.0
2024-01-26,강남구,23.5,36.5
2024-01-26,강동구,25.5,39.5
2024-01-26,강북구,23.0,33.0
2024-01-26,강서구,21.0,36.0
2024-01-26,관악구,23.0,38.0
2024-01-26,광진구,21.0,31.0
2024-01-26,구로구,24.0,40.0
2024-01-26,금천구,23.0,36.5
2024-01-26,노원구,22.0,35.5
2024-01-26,도봉구,24.0,35.0
2024-01-26,동대문구,21.5,33.0
2024-01-26,동작구,21.5,35.0
2024-01-26,마포구,25.0,34.0
2024-01-26,서대문구,26.0,36.0
2024-01-26,서초구,24.0,39.5
2024-01-26,성동구,23.5,36.0
2024-01-26,성북구,23.0,35.5
2024-01-26,송파구,19.0,33.0
2024-01-26,양천구,23.0,36.0
2024-01-26,영등포구,23.5,32.5
2024-01-26,용산구,22.5,35.5
2024-01-26,은평구,21.0,33.0
2024-01-26,종로구,23.5,34.5
2024-01-26,중구,23.0,33.0
2024-01-26,중랑구,22.0,31.0
2024-01-27,강남구,39.5,55.0
2024-01-27,강동구,44.0,59.0
2024-01-27,강북구,36.0,49.0
2024-01-27,강서구,33.0,51.5
2024-01-27,관악구,36.0,54.0
2024-01-27,광진구,36.0,48.0
2024-01-27,구로구,38.0,56.0
2024-01-27,금천구,37.5,52.0
2024-01-27,노원구,39.0,55.0
2024-01-27,도봉구,39.0,48.0
2024-01-27,동대문구,37.0,51.5
2024-01-27,동작구,35.5,52.5
2024-01-27,마포구,42.0,51.5
2024-01-27,서대문구,39.0,51.0
2024-01-27,서초구,39.5,56.5
2024-01-27,성동구,38.5,54.0
2024-01-27,성북구,37.5,52.0
2024-01-27,송파구,33.0,49.0
2024-01-27,양천구,39.0,53.0
2024-01-27,영등포구,37.0,48.5
2024-01-27,용산구,36.0,51.5
2024-01-27,은평구,34.0,49.0
2024-01-27,종로구,36.0,48.5
2024-01-27,중구,34.5,47.0
2024-01-27,중랑구,38.0,48.0
2024-01-28,강남구,19.0,30.5
2024-01-28,강동구,23.0,35.0
2024-01-28,강북구,24.0,33.0
2024-01-28,강서구,17.0,29.5
2024-01-28,관악구,20.0,33.0
2024-01-28,광진구,21.0,30.0
2024-01-28,구로구,19.0,31.0
2024-01-28,금천구,21.0,31.5
2024-01-28,노원구,29.5,41.0
2024-01-28,도봉구,27.0,33.0
2024-01-28,동대문구,21.5,32.5
2024-01-28,동작구,20.5,31.0
2024-01-28,마포구,19.0,29.0
2024-01-28,서대문구,22.0,31.0
2024-01-28,서초구,20.5,32.0
2024-01-28,성동구,20.0,30.0
2024-01-28,성북구,23.0,33.0
2024-01-28,송파구,20.0,30.0
2024-01-28,양천구,21.0,31.0
2024-01-28,영등포구,19.5,28.0
2024-01-28,용산구,19.5,29.0
2024-01-28,은평구,20.0,31.0
2024-01-28,종로구,21.0,29.5
2024-01-28,중구,19.5,28.5
2024-01-28,중랑구,25.0,32.0
2024-01-29,강남구,34.0,48.0
2024-01-29,강동구,33.0,48.0
2024-01-29,강북구,31.0,41.0
2024-01-29,강서구,30.5,49.0
2024-01-29,관악구,31.0,46.0
2024-01-29,광진구,28.0,39.0
2024-01-29,구로구,34.0,49.0
2024-01-29,금천구,32.5,47.5
2024-01-29,노원구,31.0,45.5
2024-01-29,도봉구,33.0,41.0
2024-01-29,동대문구,28.5,42.5
2024-01-29,동작구,31.0,45.5
2024-01-29,마포구,34.0,43.5
2024-01-29,서대문구,33.0,43.0
2024-01-29,서초구,34.0,51.0
2024-01-29,성동구,32.5,44.5
2024-01-29,성북구,30.5,44.0
2024-01-29,송파구,29.0,43.0
2024-01-29,양천구,36.0,49.0
2024-01-29,영등포구,32.5,42.5
2024-01-29,용산구,31.0,45.0
2024-01-29,은평구,29.0,43.0
2024-01-29,종로구,30.5,41.5
2024-01-29,중구,30.5,42.5
2024-01-29,중랑구,31.0,39.0
2024-01-30,강남구,44.0,65.0
2024-01-30,강동구,40.0,58.5
2024-01-30,강북구,37.0,52.0
2024-01-30,강서구,41.0,67.5
2024-01-30,관악구,45.0,65.0
2024-01-30,광진구,35.0,48.0
2024-01-30,구로구,46.0,69.0
2024-01-30,금천구,46.5,70.0
2024-01-30,노원구,39.5,56.5
2024-01-30,도봉구,39.0,50.0
2024-01-30,동대문구,38.0,55.5
2024-01-30,동작구,43.5,64.5
2024-01-30,마포구,45.5,59.0
2024-01-30,서대문구,40.0,53.0
2024-01-30,서초구,47.0,69.5
2024-01-30,성동구,40.5,59.5
2024-01-30,성북구,41.0,58.5
2024-01-30,송파구,37.0,59.0
2024-01-30,양천구,46.0,64.0
2024-01-30,영등포구,44.0,59.5
2024-01-30,용산구,42.0,60.5
2024-01-30,은평구,36.0,53.0
2024-01-30,종로구,41.0,55.0
2024-01-30,중구,40.5,58.0
2024-01-30,중랑구,36.0,46.0
2024-01-31,강남구,40.0,58.5
2024-01-31,강동구,38.5,55.0
2024-01-31,강북구,41.0,56.0
2024-01-31,강서구,43.5,69.0
2024-01-31,관악구,42.0,62.0
2024-01-31,광진구,36.0,49.0
2024-01-31,구로구,45.0,65.0
2024-01-31,금천구,44.5,65.0
2024-01-31,노원구,40.5,58.5
2024-01-31,도봉구,40.0,54.0
2024-01-31,동대문구,36.5,53.5
2024-01-31,동작구,40.5,60.0
2024-01-31,마포구,45.0,59.5
2024-01-31,서대문구,42.0,56.0
2024-01-31,서초구,43.5,66.0
2024-01-31,성동구,39.0,56.5
2024-01-31,성북구,42.5,59.5
2024-01-31,송파구,35.0,56.0
2024-01-31,양천구,46.0,64.0
2024-01-31,영등포구,42.0,57.5
2024-01-31,용산구,40.0,58.5
2024-01-31,은평구,41.0,59.0
2024-01-31,종로구,41.5,55.5
2024-01-31,중구,41.5,57.5
2024-01-31,중랑구,39.0,47.0
2024-02-01,강남구,59.0,84.0
2024-02-01,강동구,60.0,80.5
2024-02-01,강북구,62.0,79.0
2024-02-01,강서구,61.5,91.0
2024-02-01,관악구,60.0,87.0
2024-02-01,광진구,54.0,72.0
2024-02-01,구로구,67.0,92.0
2024-02-01,금천구,68.0,92.5
2024-02-01,노원구,59.5,81.5
2024-02-01,도봉구,63.0,79.0
2024-02-01,동대문구,54.0,76.0
2024-02-01,동작구,61.0,86.0
2024-02-01,마포구,67.0,85.0
2024-02-01,서대문구,61.0,79.0
2024-02-01,서초구,64.5,88.0
2024-02-01,성동구,57.0,81.0
2024-02-01,성북구,60.0,78.5
2024-02-01,송파구,50.0,73.0
2024-02-01,양천구,71.0,91.0
2024-02-01,영등포구,64.5,83.0
2024-02-01,용산구,58.0,79.5
2024-02-01,은평구,61.0,85.0
2024-02-01,종로구,59.0,77.5
2024-02-01,중구,55.5,77.0
2024-02-01,중랑구,60.0,70.0
2024-02-02,강남구,35.0,46.5
2024-02-02,강동구,32.0,42.5
2024-02-02,강북구,26.0,34.0
2024-02-02,강서구,35.0,54.5
2024-02-02,관악구,41.0,60.0
2024-02-02,광진구,29.0,35.0
2024-02-02,구로구,45.0,67.0
2024-02-02,금천구,49.0,67.5
2024-02-02,노원구,25.5,38.5
2024-02-02,도봉구,30.0,34.0
2024-02-02,동대문구,27.5,37.0
2024-02-02,동작구,34.5,49.0
2024-02-02,마포구,36.5,48.0
2024-02-02,서대문구,31.0,42.0
2024-02-02,서초구,37.0,52.5
2024-02-02,성동구,31.0,42.5
2024-02-02,성북구,28.5,38.0
2024-02-02,송파구,27.0,41.0
2024-02-02,양천구,47.0,64.0
2024-02-02,영등포구,41.0,56.0
2024-02-02,용산구,31.5,44.0
2024-02-02,은평구,30.0,43.0
2024-02-02,종로구,29.5,39.0
2024-02-02,중구,30.0,40.0
2024-02-02,중랑구,28.0,32.0
2024-02-03,강남구,24.5,36.5
2024-02-03,강동구,24.0,34.5
2024-02-03,강북구,21.0,27.0
2024-02-03,강서구,30.0,46.0
2024-02-03,관악구,28.0,43.0
2024-02-03,광진구,19.0,26.0
2024-02-03,구로구,30.0,42.0
2024-02-03,금천구,30.5,42.5
2024-02-03,노원구,24.5,35.0
2024-02-03,도봉구,25.0,32.0
2024-02-03,동대문구,23.0,34.0
2024-02-03,동작구,27.5,40.0
2024-02-03,마포구,29.5,38.5
2024-02-03,서대문구,25.0,31.0
2024-02-03,서초구,30.0,43.0
2024-02-03,성동구,24.5,34.5
2024-02-03,성북구,24.5,33.5
2024-02-03,송파구,23.0,35.0
2024-02-03,양천구,30.0,43.0
2024-02-03,영등포구,29.5,39.0
2024-02-03,용산구,25.0,35.5
2024-02-03,은평구,26.0,36.0
2024-02-03,종로구,24.5,32.5
2024-02-03,중구,23.5,33.5
2024-02-03,중랑구,20.0,26.0
2024-02-04,강남구,15.0,22.0
2024-02-04,강동구,12.5,18.0
2024-02-04,강북구,18.0,23.0
2024-02-04,강서구,21.0,31.5
2024-02-04,관악구,18.0,27.0
2024-02-04,광진구,11.0,16.0
2024-02-04,구로구,19.0,27.0
2024-02-04,금천구,17.5,26.0
2024-02-04,노원구,15.0,23.0
2024-02-04,도봉구,18.0,22.0
2024-02-04,동대문구,14.5,21.0
2024-02-04,동작구,16.0,25.0
2024-02-04,마포구,20.0,26.5
2024-02-04,서대문구,20.0,24.0
2024-02-04,서초구,19.0,26.0
2024-02-04,성동구,14.5,20.5
2024-02-04,성북구,16.0,22.5
2024-02-04,송파구,12.0,19.0
2024-02-04,양천구,19.0,28.0
2024-02-04,영등포구,20.0,27.0
2024-02-04,용산구,16.0,22.5
2024-02-04,은평구,21.0,27.0
2024-02-04,종로구,16.0,22.5
2024-02-04,중구,15.5,22.5
2024-02-04,중랑구,13.0,19.0
2024-02-05,강남구,3.5,6.0
2024-02-05,강동구,2.5,5.5
2024-02-05,강북구,3.0,5.0
2024-02-05,강서구,3.5,6.5
2024-02-05,관악구,3.0,8.0
2024-02-05,광진구,3.0,6.0
2024-02-05,구로구,3.0,7.0
2024-02-05,금천구,3.5,6.5
2024-02-05,노원구,4.0,8.5
2024-02-05,도봉구,4.0,6.0
2024-02-05,동대문구,3.5,7.0
2024-02-05,동작구,4.0,8.0
2024-02-05,마포구,3.5,6.0
2024-02-05,서대문구,5.0,6.0
2024-02-05,서초구,3.5,7.5
2024-02-05,성동구,3.5,6.0
2024-02-05,성북구,3.5,8.0
2024-02-05,송파구,3.0,6.0
2024-02-05,양천구,3.0,7.0
2024-02-05,영등포구,4.5,8.0
2024-02-05,용산구,3.5,7.0
2024-02-05,은평구,2.0,5.0
2024-02-05,종로구,3.5,7.5
2024-02-05,중구,3.5,6.5
2024-02-05,중랑구,3.0,6.0
2024-02-06,강남구,10.5,14.5
2024-02-06,강동구,11.5,14.0
2024-02-06,강북구,10.0,11.0
2024-02-06,강서구,11.5,18.0
2024-02-06,관악구,11.0,19.0
2024-02-06,광진구,8.0,11.0
2024-02-06,구로구,12.0,18.0
2024-02-06,금천구,11.5,17.0
2024-02-06,노원구,10.5,14.5
2024-02-06,도봉구,12.0,13.0
2024-02-06,동대문구,8.5,13.5
2024-02-06,동작구,11.0,16.0
2024-02-06,마포구,11.0,16.0
2024-02-06,서대문구,15.0,18.0
2024-02-06,서초구,12.5,17.5
2024-02-06,성동구,10.0,14.0
2024-02-06,성북구,9.5,15.0
2024-02-06,송파구,4.0,7.0
2024-02-06,양천구,12.0,18.0
2024-02-06,영등포구,11.0,15.5
2024-02-06,용산구,10.5,15.5
2024-02-06,은평구,10.0,15.0
2024-02-06,종로구,10.5,14.0
2024-02-06,중구,10.5,14.0
2024-02-06,중랑구,9.0,13.0
2024-02-07,강남구,27.5,34.0
2024-02-07,강동구,24.0,32.0
2024-02-07,강북구,21.0,26.0
2024-02-07,강서구,25.0,35.5
2024-02-07,관악구,27.0,38.0
2024-02-07,광진구,24.0,31.0
2024-02-07,구로구,26.0,37.0
2024-02-07,금천구,30.0,37.5
2024-02-07,노원구,25.5,30.5
2024-02-07,도봉구,20.0,24.0
2024-02-07,동대문구,24.0,31.5
2024-02-07,동작구,28.5,36.0
2024-02-07,마포구,28.0,35.5
2024-02-07,서대문구,30.0,32.0
2024-02-07,서초구,28.5,38.0
2024-02-07,성동구,26.5,33.5
2024-02-07,성북구,23.5,29.0
2024-02-07,송파구,25.0,33.0
2024-02-07,양천구,30.0,36.0
2024-02-07,영등포구,28.0,34.0
2024-02-07,용산구,27.0,33.5
2024-02-07,은평구,25.0,33.0
2024-02-07,종로구,27.0,32.0
2024-02-07,중구,26.0,33.5
2024-02-07,중랑구,23.0,27.0
2024-02-08,강남구,30.5,41.5
2024-02-08,강동구,31.0,41.5
2024-02-08,강북구,31.0,39.0
2024-02-08,강서구,30.0,43.0
2024-02-08,관악구,32.0,45.0
2024-02-08,광진구,29.0,35.0
2024-02-08,구로구,32.0,47.0
2024-02-08,금천구,33.5,44.5
2024-02-08,노원구,34.0,42.5
2024-02-08,도봉구,29.0,35.0
2024-02-08,동대문구,29.5,39.0
2024-02-08,동작구,33.0,43.0
2024-02-08,마포구,31.5,40.5
2024-02-08,서대문구,32.0,38.0
2024-02-08,서초구,33.0,47.0
2024-02-08,성동구,30.0,41.0
2024-02-08,성북구,32.0,40.0
2024-02-08,송파구,31.0,41.0
2024-02-08,양천구,35.0,42.0
2024-02-08,영등포구,32.5,40.5
2024-02-08,용산구,29.5,40.0
2024-02-08,은평구,26.0,37.0
2024-02-08,종로구,31.0,38.5
2024-02-08,중구,30.0,39.0
2024-02-08,중랑구,32.0,36.0
2024-02-09,강남구,24.0,34.0
2024-02-09,강동구,25.5,37.0
2024-02-09,강북구,26.0,35.0
2024-02-09,강서구,19.0,31.0
2024-02-09,관악구,26.0,38.0
2024-02-09,광진구,26.0,33.0
2024-02-09,구로구,23.0,37.0
2024-02-09,금천구,24.0,34.5
2024-02-09,노원구,30.5,39.0
2024-02-09,도봉구,26.0,31.0
2024-02-09,동대문구,26.0,36.5
2024-02-09,동작구,24.0,34.5
2024-02-09,마포구,26.0,35.0
2024-02-09,서대문구,29.0,33.0
2024-02-09,서초구,24.0,35.5
2024-02-09,성동구,24.5,35.0
2024-02-09,성북구,27.0,35.5
2024-02-09,송파구,23.0,33.0
2024-02-09,양천구,28.0,37.0
2024-02-09,영등포구,25.0,33.5
2024-02-09,용산구,24.5,36.0
2024-02-09,은평구,22.0,32.0
2024-02-09,종로구,25.5,33.0
2024-02-09,중구,24.5,33.5
2024-02-09,중랑구,28.0,32.0
2024-02-10,강남구,35.5,48.5
2024-02-10,강동구,35.5,47.0
2024-02-10,강북구,37.0,49.0
2024-02-10,강서구,34.0,48.0
2024-02-10,관악구,35.0,51.0
2024-02-10,광진구,35.0,42.0
2024-02-10,구로구,36.0,52.0
2024-02-10,금천구,38.5,51.0
2024-02-10,노원구,39.5,49.5
2024-02-10,도봉구,37.0,45.0
2024-02-10,동대문구,35.5,42.0
2024-02-10,동작구,37.5,50.5
2024-02-10,마포구,38.5,48.5
2024-02-10,서대문구,42.0,48.0
2024-02-10,서초구,36.5,51.0
2024-02-10,성동구,35.0,47.5
2024-02-10,성북구,38.5,48.5
2024-02-10,송파구,31.0,43.0
2024-02-10,양천구,39.0,49.0
2024-02-10,영등포구,36.0,46.0
2024-02-10,용산구,36.5,48.5
2024-02-10,은평구,35.0,48.0
2024-02-10,종로구,37.0,46.5
2024-02-10,중구,35.5,46.0
2024-02-10,중랑구,37.0,42.0
2024-02-11,강남구,47.0,61.0
2024-02-11,강동구,50.5,62.5
2024-02-11,강북구,50.0,63.0
2024-02-11,강서구,43.5,61.5
2024-02-11,관악구,51.0,68.0
2024-02-11,광진구,49.0,58.0
2024-02-11,구로구,46.0,64.0
2024-02-11,금천구,52.5,66.5
2024-02-11,노원구,58.5,69.0
2024-02-11,도봉구,48.0,55.0
2024-02-11,동대문구,51.0,76.0
2024-02-11,동작구,47.5,62.0
2024-02-11,마포구,49.5,63.0
2024-02-11,서대문구,55.0,66.0
2024-02-11,서초구,48.0,63.0
2024-02-11,성동구,46.0,61.0
2024-02-11,성북구,53.5,63.5
2024-02-11,송파구,49.0,62.0
2024-02-11,양천구,49.0,61.0
2024-02-11,영등포구,47.0,60.0
2024-02-11,용산구,49.0,62.5
2024-02-11,은평구,49.0,65.0
2024-02-11,종로구,54.0,65.5
2024-02-11,중구,51.5,66.5
2024-02-11,중랑구,54.0,59.0
2024-02-12,강남구,50.5,68.5
2024-02-12,강동구,54.0,70.0
2024-02-12,강북구,43.0,60.0
2024-02-12,강서구,44.0,64.0
2024-02-12,관악구,41.0,61.0
2024-02-12,광진구,51.0,62.0
2024-02-12,구로구,41.0,62.0
2024-02-12,금천구,48.0,65.5
2024-02-12,노원구,53.0,67.0
2024-02-12,도봉구,45.0,55.0
2024-02-12,동대문구,50.0,67.5
2024-02-12,동작구,41.0,59.5
2024-02-12,마포구,49.5,66.0
2024-02-12,서대문구,47.0,58.0
2024-02-12,서초구,44.0,61.5
2024-02-12,성동구,48.5,67.5
2024-02-12,성북구,47.5,61.5
2024-02-12,송파구,46.0,63.0
2024-02-12,양천구,48.0,63.0
2024-02-12,영등포구,47.0,62.0
2024-02-12,용산구,49.0,67.0
2024-02-12,은평구,39.0,58.0
2024-02-12,종로구,49.0,62.5
2024-02-12,중구,46.5,64.0
2024-02-12,중랑구,53.0,61.0
2024-02-13,강남구,40.5,67.0
2024-02-13,강동구,40.0,62.5
2024-02-13,강북구,43.0,67.0
2024-02-13,강서구,41.0,71.5
2024-02-13,관악구,43.0,76.0
2024-02-13,광진구,40.0,60.0
2024-02-13,구로구,40.0,73.0
2024-02-13,금천구,44.5,73.5
2024-02-13,노원구,47.0,68.0
2024-02-13,도봉구,43.0,62.0
2024-02-13,동대문구,42.0,65.5
2024-02-13,동작구,42.5,70.0
2024-02-13,마포구,44.0,68.0
2024-02-13,서대문구,44.0,67.0
2024-02-13,서초구,40.0,72.5
2024-02-13,성동구,39.5,64.5
2024-02-13,성북구,45.0,68.0
2024-02-13,송파구,41.0,65.0
2024-02-13,양천구,44.0,72.0
2024-02-13,영등포구,44.5,70.5
2024-02-13,용산구,42.0,70.0
2024-02-13,은평구,53.0,90.0
2024-02-13,종로구,43.5,63.0
2024-02-13,중구,41.5,66.5
2024-02-13,중랑구,43.0,55.0
2024-02-14,강남구,30.0,51.5
2024-02-14,강동구,29.0,47.5
2024-02-14,강북구,25.0,44.0
2024-02-14,강서구,25.0,47.0
2024-02-14,관악구,25.0,47.0
2024-02-14,광진구,28.0,45.0
2024-02-14,구로구,24.0,45.0
2024-02-14,금천구,23.0,42.5
2024-02-14,노원구,30.5,47.0
2024-02-14,도봉구,28.0,43.0
2024-02-14,동대문구,30.5,51.5
2024-02-14,동작구,26.5,46.5
2024-02-14,마포구,28.5,46.5
2024-02-14,서대문구,27.0,40.0
2024-02-14,서초구,29.5,51.5
2024-02-14,성동구,26.0,45.5
2024-02-14,성북구,29.5,50.5
2024-02-14,송파구,29.0,47.0
2024-02-14,양천구,25.0,45.0
2024-02-14,영등포구,27.5,46.0
2024-02-14,용산구,30.5,50.0
2024-02-14,은평구,27.0,50.0
2024-02-14,종로구,31.0,49.0
2024-02-14,중구,30.0,53.5
2024-02-14,중랑구,30.0,40.0
2024-02-15,강남구,15.5,23.5
2024-02-15,강동구,15.0,23.0
2024-02-15,강북구,14.0,20.0
2024-02-15,강서구,13.0,22.5
2024-02-15,관악구,13.0,22.0
2024-02-15,광진구,17.0,23.0
2024-02-15,구로구,12.0,22.0
2024-02-15,금천구,14.5,22.5
2024-02-15,노원구,16.0,23.5
2024-02-15,도봉구,15.0,18.0
2024-02-15,동대문구,15.0,23.0
2024-02-15,동작구,14.0,21.5
2024-02-15,마포구,15.5,22.5
2024-02-15,서대문구,20.0,23.0
2024-02-15,서초구,16.0,24.5
2024-02-15,성동구,16.5,23.0
2024-02-15,성북구,15.5,22.5
2024-02-15,송파구,18.0,24.0
2024-02-15,양천구,13.0,22.0
2024-02-15,영등포구,15.0,21.5
2024-02-15,용산구,15.5,23.0
2024-02-15,은평구,16.0,24.0
2024-02-15,종로구,15.5,21.5
2024-02-15,중구,14.0,23.5
2024-02-15,중랑구,18.0,22.0
2024-02-16,강남구,17.0,28.5
2024-02-16,강동구,14.5,24.0
2024-02-16,강북구,18.0,27.0
2024-02-16,강서구,17.0,31.0
2024-02-16,관악구,18.0,31.0
2024-02-16,광진구,14.0,20.0
2024-02-16,구로구,16.0,33.0
2024-02-16,금천구,19.0,31.5
2024-02-16,노원구,18.0,27.5
2024-02-16,도봉구,20.0,27.0
2024-02-16,동대문구,16.0,25.5
2024-02-16,동작구,18.0,29.0
2024-02-16,마포구,19.0,29.0
2024-02-16,서대문구,25.0,31.0
2024-02-16,서초구,19.0,33.5
2024-02-16,성동구,18.0,28.0
2024-02-16,성북구,18.5,28.5
2024-02-16,송파구,15.0,24.0
2024-02-16,양천구,18.0,30.0
2024-02-16,영등포구,19.0,29.0
2024-02-16,용산구,21.5,35.0
2024-02-16,은평구,20.0,30.0
2024-02-16,종로구,18.0,25.5
2024-02-16,중구,18.5,28.5
2024-02-16,중랑구,16.0,21.0
2024-02-17,강남구,31.5,47.5
2024-02-17,강동구,29.5,42.5
2024-02-17,강북구,30.0,43.0
2024-02-17,강서구,29.0,44.5
2024-02-17,관악구,32.0,47.0
2024-02-17,광진구,26.0,35.0
2024-02-17,구로구,33.0,52.0
2024-02-17,금천구,31.0,46.5
2024-02-17,노원구,33.0,46.0
2024-02-17,도봉구,35.0,44.0
2024-02-17,동대문구,30.5,42.5
2024-02-17,동작구,28.5,45.5
2024-02-17,마포구,35.5,45.5
2024-02-17,서대문구,35.0,44.0
2024-02-17,서초구,34.5,52.5
2024-02-17,성동구,30.0,45.5
2024-02-17,성북구,31.0,46.0
2024-02-17,송파구,26.0,41.0
2024-02-17,양천구,34.0,47.0
2024-02-17,영등포구,33.5,45.5
2024-02-17,용산구,30.0,46.0
2024-02-17,은평구,31.0,43.0
2024-02-17,종로구,31.0,42.0
2024-02-17,중구,31.0,44.0
2024-02-17,중랑구,30.0,37.0
2024-02-18,강남구,25.0,37.0
2024-02-18,강동구,23.0,34.5
2024-02-18,강북구,23.0,34.0
2024-02-18,강서구,23.5,35.5
2024-02-18,관악구,25.0,39.0
2024-02-18,광진구,20.0,28.0
2024-02-18,구로구,25.0,42.0
2024-02-18,금천구,23.5,38.0
2024-02-18,노원구,28.5,39.0
2024-02-18,도봉구,30.0,35.0
2024-02-18,동대문구,27.0,37.5
2024-02-18,동작구,23.5,39.0
2024-02-18,마포구,29.0,35.5
2024-02-18,서대문구,27.0,32.0
2024-02-18,서초구,28.5,44.0
2024-02-18,성동구,26.0,39.0
2024-02-18,성북구,28.0,41.0
2024-02-18,송파구,22.0,34.0
2024-02-18,양천구,26.0,40.0
2024-02-18,영등포구,28.5,39.0
2024-02-18,용산구,27.0,38.0
2024-02-18,은평구,18.0,25.0
2024-02-18,종로구,27.0,37.0
2024-02-18,중구,28.0,41.0
2024-02-18,중랑구,23.0,28.0
2024-02-19,강남구,10.0,15.5
2024-02-19,강동구,7.5,14.0
2024-02-19,강북구,5.0,13.0
2024-02-19,강서구,9.0,17.5
2024-02-19,관악구,8.0,17.0
2024-02-19,광진구,8.0,13.0
2024-02-19,구로구,7.0,16.0
2024-02-19,금천구,9.0,17.0
2024-02-19,노원구,9.0,14.5
2024-02-19,도봉구,9.0,11.0
2024-02-19,동대문구,8.0,14.0
2024-02-19,동작구,8.5,16.5
2024-02-19,마포구,9.5,16.0
2024-02-19,서대문구,15.0,16.0
2024-02-19,서초구,9.5,21.0
2024-02-19,성동구,8.5,15.0
2024-02-19,성북구,8.0,15.5
2024-02-19,송파구,8.0,13.0
2024-02-19,양천구,7.0,15.0
2024-02-19,영등포구,9.5,14.5
2024-02-19,용산구,9.0,15.0
2024-02-19,은평구,10.0,15.0
2024-02-19,종로구,8.5,13.5
2024-02-19,중구,8.5,17.5
2024-02-19,중랑구,9.0,13.0
2024-02-20,강남구,15.5,27.0
2024-02-20,강동구,16.5,24.0
2024-02-20,강북구,15.0,24.0
2024-02-20,강서구,15.5,32.0
2024-02-20,관악구,16.0,32.0
2024-02-20,광진구,14.0,22.0
2024-02-20,구로구,15.0,30.0
2024-02-20,금천구,16.5,32.0
2024-02-20,노원구,20.0,30.0
2024-02-20,도봉구,17.0,27.0
2024-02-20,동대문구,15.5,26.5
2024-02-20,동작구,16.5,30.5
2024-02-20,마포구,16.5,30.0
2024-02-20,서대문구,19.0,29.0
2024-02-20,서초구,16.0,32.0
2024-02-20,성동구,15.0,26.0
2024-02-20,성북구,16.5,27.5
2024-02-20,송파구,14.0,26.0
2024-02-20,양천구,16.0,31.0
2024-02-20,영등포구,17.5,30.0
2024-02-20,용산구,17.0,30.5
2024-02-20,은평구,15.0,27.0
2024-02-20,종로구,16.0,26.5
2024-02-20,중구,15.0,27.5
2024-02-20,중랑구,16.0,23.0
2024-02-21,강남구,2.0,4.0
2024-02-21,강동구,2.0,4.0
2024-02-21,강북구,1.0,3.0
2024-02-21,강서구,2.5,4.5
2024-02-21,관악구,2.0,5.0
2024-02-21,광진구,2.0,3.0
2024-02-21,구로구,1.0,5.0
2024-02-21,금천구,2.0,4.5
2024-02-21,노원구,2.5,5.0
2024-02-21,도봉구,2.0,4.0
2024-02-21,동대문구,2.0,4.5
2024-02-21,동작구,2.0,5.0
2024-02-21,마포구,2.0,5.0
2024-02-21,서대문구,5.0,5.0
2024-02-21,서초구,2.0,8.0
2024-02-21,성동구,2.5,4.5
2024-02-21,성북구,2.0,5.5
2024-02-21,송파구,1.0,4.0
2024-02-21,양천구,1.0,4.0
2024-02-21,영등포구,3.0,5.0
2024-02-21,용산구,3.0,5.0
2024-02-21,은평구,1.0,4.0
2024-02-21,종로구,2.0,4.5
2024-02-21,중구,2.5,5.0
2024-02-21,중랑구,1.0,3.0
2024-02-22,강남구,3.5,7.5
2024-02-22,강동구,2.5,7.0
2024-02-22,강북구,2.0,5.0
2024-02-22,강서구,3.5,7.0
2024-02-22,관악구,3.0,7.0
2024-02-22,광진구,2.0,5.0
2024-02-22,구로구,1.0,7.0
2024-02-22,금천구,3.0,7.5
2024-02-22,노원구,3.5,7.5
2024-02-22,도봉구,4.0,5.0
2024-02-22,동대문구,3.0,6.5
2024-02-22,동작구,4.0,9.5
2024-02-22,마포구,4.5,7.0
2024-02-22,서대문구,7.0,7.0
2024-02-22,서초구,3.5,8.5
2024-02-22,성동구,3.5,6.0
2024-02-22,성북구,3.0,10.5
2024-02-22,송파구,3.0,6.0
2024-02-22,양천구,2.0,6.0
2024-02-22,영등포구,4.5,7.5
2024-02-22,용산구,4.0,9.5
2024-02-22,은평구,2.0,6.0
2024-02-22,종로구,3.0,6.5
2024-02-22,중구,4.0,7.5
2024-02-22,중랑구,3.0,7.0
2024-02-23,강남구,4.5,9.0
2024-02-23,강동구,3.5,8.0
2024-02-23,강북구,4.0,8.0
2024-02-23,강서구,4.5,9.5
2024-02-23,관악구,5.0,11.0
2024-02-23,광진구,4.0,8.0
2024-02-23,구로구,3.0,9.0
2024-02-23,금천구,4.5,9.5
2024-02-23,노원구,6.0,11.5
2024-02-23,도봉구,5.0,9.0
2024-02-23,동대문구,4.5,10.0
2024-02-23,동작구,5.0,10.5
2024-02-23,마포구,5.0,10.5
2024-02-23,서대문구,8.0,9.0
2024-02-23,서초구,4.0,13.0
2024-02-23,성동구,5.0,8.5
2024-02-23,성북구,5.5,10.5
2024-02-23,송파구,4.0,10.0
2024-02-23,양천구,4.0,10.0
2024-02-23,영등포구,6.0,12.0
2024-02-23,용산구,5.0,11.5
2024-02-23,은평구,4.0,8.0
2024-02-23,종로구,5.0,10.0
2024-02-23,중구,5.5,11.0
2024-02-23,중랑구,4.0,8.0
2024-02-24,강남구,6.0,14.5
2024-02-24,강동구,5.5,13.0
2024-02-24,강북구,7.0,13.0
2024-02-24,강서구,6.5,14.0
2024-02-24,관악구,8.0,16.0
2024-02-24,광진구,7.0,12.0
2024-02-24,구로구,4.0,13.0
2024-02-24,금천구,7.0,15.0
2024-02-24,노원구,8.0,15.5
2024-02-24,도봉구,8.0,12.0
2024-02-24,동대문구,7.0,14.0
2024-02-24,동작구,8.0,15.0
2024-02-24,마포구,8.0,14.5
2024-02-24,서대문구,11.0,13.0
2024-02-24,서초구,7.5,16.5
2024-02-24,성동구,7.5,14.0
2024-02-24,성북구,8.0,14.5
2024-02-24,송파구,7.0,14.0
2024-02-24,양천구,6.0,14.0
2024-02-24,영등포구,9.0,15.0
2024-02-24,용산구,8.0,16.0
2024-02-24,은평구,6.0,13.0
2024-02-24,종로구,7.5,15.5
2024-02-24,중구,8.5,15.5
2024-02-24,중랑구,7.0,12.0
2024-02-25,강남구,10.0,16.0
2024-02-25,강동구,6.5,11.5
2024-02-25,강북구,10.0,12.0
2024-02-25,강서구,10.5,17.0
2024-02-25,관악구,13.0,18.0
2024-02-25,광진구,8.0,11.0
2024-02-25,구로구,10.0,18.0
2024-02-25,금천구,12.0,17.5
2024-02-25,노원구,10.5,14.0
2024-02-25,도봉구,11.0,13.0
2024-02-25,동대문구,9.5,15.0
2024-02-25,동작구,12.0,17.5
2024-02-25,마포구,12.5,18.5
2024-02-25,서대문구,16.0,17.0
2024-02-25,서초구,12.0,17.5
2024-02-25,성동구,11.0,15.0
2024-02-25,성북구,9.0,14.5
2024-02-25,송파구,10.0,16.0
2024-02-25,양천구,12.0,18.0
2024-02-25,영등포구,12.0,17.0
2024-02-25,용산구,11.5,16.5
2024-02-25,은평구,11.0,15.0
2024-02-25,종로구,10.5,14.5
2024-02-25,중구,14.0,15.0
2024-02-25,중랑구,8.0,12.0
2024-02-26,강남구,16.0,28.0
2024-02-26,강동구,10.5,21.0
2024-02-26,강북구,18.0,27.0
2024-02-26,강서구,21.0,39.5
2024-02-26,관악구,19.0,32.0
2024-02-26,광진구,13.0,21.0
2024-02-26,구로구,15.0,31.0
2024-02-26,금천구,19.5,35.0
2024-02-26,노원구,20.0,31.5
2024-02-26,도봉구,18.0,26.0
2024-02-26,동대문구,17.0,30.0
2024-02-26,동작구,18.0,31.0
2024-02-26,마포구,22.5,34.0
2024-02-26,서대문구,23.0,29.0
2024-02-26,서초구,17.5,35.0
2024-02-26,성동구,16.5,26.0
2024-02-26,성북구,19.5,29.5
2024-02-26,송파구,17.0,28.0
2024-02-26,양천구,21.0,33.0
2024-02-26,영등포구,20.5,32.0
2024-02-26,용산구,18.5,32.0
2024-02-26,은평구,17.0,27.0
2024-02-26,종로구,19.0,29.5
2024-02-26,중구,20.0,31.5
2024-02-26,중랑구,16.0,23.0
2024-02-27,강남구,9.0,22.0
2024-02-27,강동구,6.5,18.5
2024-02-27,강북구,9.0,16.0
2024-02-27,강서구,8.0,20.5
2024-02-27,관악구,10.0,21.0
2024-02-27,광진구,8.0,16.0
2024-02-27,구로구,5.0,19.0
2024-02-27,금천구,9.0,22.5
2024-02-27,노원구,10.5,23.0
2024-02-27,도봉구,9.0,16.0
2024-02-27,동대문구,9.0,18.5
2024-02-27,동작구,10.5,22.0
2024-02-27,마포구,10.0,20.0
2024-02-27,서대문구,13.0,16.0
2024-02-27,서초구,10.0,29.0
2024-02-27,성동구,9.5,19.5
2024-02-27,성북구,10.0,19.5
2024-02-27,송파구,10.0,20.0
2024-02-27,양천구,8.0,19.0
2024-02-27,영등포구,10.5,21.5
2024-02-27,용산구,10.0,22.0
2024-02-27,은평구,9.0,18.0
2024-02-27,종로구,10.0,19.5
2024-02-27,중구,11.0,22.0
2024-02-27,중랑구,10.0,15.0
2024-02-28,강남구,17.5,36.0
2024-02-28,강동구,15.0,33.0
2024-02-28,강북구,16.0,30.0
2024-02-28,강서구,16.0,35.0
2024-02-28,관악구,17.0,35.0
2024-02-28,광진구,17.0,31.0
2024-02-28,구로구,15.0,36.0
2024-02-28,금천구,17.5,38.0
2024-02-28,노원구,17.5,34.0
2024-02-28,도봉구,18.0,29.0
2024-02-28,동대문구,17.5,33.5
2024-02-28,동작구,17.0,35.0
2024-02-28,마포구,18.0,34.5
2024-02-28,서대문구,21.0,33.0
2024-02-28,서초구,17.5,40.0
2024-02-28,성동구,18.0,36.0
2024-02-28,성북구,18.0,33.5
2024-02-28,송파구,17.0,35.0
2024-02-28,양천구,16.0,33.0
2024-02-28,영등포구,17.5,33.5
2024-02-28,용산구,17.5,37.0
2024-02-28,은평구,18.0,33.0
2024-02-28,종로구,18.5,32.0
2024-02-28,중구,18.0,33.5
2024-02-28,중랑구,16.0,27.0
2024-03-01,강남구,10.5,38.0
2024-03-01,강동구,9.5,36.5
2024-03-01,강북구,11.0,35.0
2024-03-01,강서구,9.5,41.0
2024-03-01,관악구,10.0,37.0
2024-03-01,광진구,12.0,34.0
2024-03-01,구로구,7.0,41.0
2024-03-01,금천구,10.0,37.0
2024-03-01,노원구,12.5,36.0
2024-03-01,도봉구,12.0,37.0
2024-03-01,동대문구,11.0,36.0
2024-03-01,동작구,10.5,37.0
2024-03-01,마포구,11.5,38.5
2024-03-01,서대문구,14.0,38.0
2024-03-01,서초구,10.0,45.5
2024-03-01,성동구,11.5,38.0
2024-03-01,성북구,12.0,35.0
2024-03-01,송파구,12.0,41.0
2024-03-01,양천구,11.0,38.0
2024-03-01,영등포구,11.5,33.5
2024-03-01,용산구,10.5,42.0
2024-03-01,은평구,11.0,41.0
2024-03-01,종로구,13.0,35.0
2024-03-01,중구,12.5,36.5
2024-03-01,중랑구,12.0,28.0
2024-03-02,강남구,12.5,34.5
2024-03-02,강동구,10.5,34.5
2024-03-02,강북구,15.0,37.0
2024-03-02,강서구,12.5,35.5
2024-03-02,관악구,14.0,37.0
2024-03-02,광진구,12.0,31.0
2024-03-02,구로구,11.0,39.0
2024-03-02,금천구,13.0,36.0
2024-03-02,노원구,17.0,38.5
2024-03-02,도봉구,16.0,34.0
2024-03-02,동대문구,13.0,35.5
2024-03-02,동작구,14.0,35.0
2024-03-02,마포구,14.0,36.5
2024-03-02,서대문구,18.0,36.0
2024-03-02,서초구,13.5,37.0
2024-03-02,성동구,13.5,35.0
2024-03-02,성북구,15.5,36.0
2024-03-02,송파구,12.0,33.0
2024-03-02,양천구,13.0,35.0
2024-03-02,영등포구,13.5,33.5
2024-03-02,용산구,13.5,41.0
2024-03-02,은평구,14.0,38.0
2024-03-02,종로구,14.0,32.5
2024-03-02,중구,14.5,34.0
2024-03-02,중랑구,15.0,29.0
2024-03-03,강남구,67.0,119.0
2024-03-03,강동구,64.5,115.5
2024-03-03,강북구,57.0,112.0
2024-03-03,강서구,56.5,110.0
2024-03-03,관악구,67.0,123.0
2024-03-03,광진구,61.0,101.0
2024-03-03,구로구,69.0,129.0
2024-03-03,금천구,65.0,116.5
2024-03-03,노원구,61.0,109.0
2024-03-03,도봉구,63.0,112.0
2024-03-03,동대문구,62.0,111.0
2024-03-03,동작구,58.5,113.5
2024-03-03,마포구,67.0,113.0
2024-03-03,서대문구,69.0,115.0
2024-03-03,서초구,70.0,124.5
2024-03-03,성동구,62.5,118.0
2024-03-03,성북구,62.5,112.0
2024-03-03,송파구,49.0,105.0
2024-03-03,양천구,66.0,118.0
2024-03-03,영등포구,65.0,110.0
2024-03-03,용산구,61.5,118.0
2024-03-03,은평구,67.0,117.0
2024-03-03,종로구,64.5,107.0
2024-03-03,중구,66.5,109.0
2024-03-03,중랑구,64.0,92.0
2024-03-04,강남구,39.0,79.0
2024-03-04,강동구,44.0,83.0
2024-03-04,강북구,28.0,56.0
2024-03-04,강서구,32.0,72.0
2024-03-04,관악구,40.0,80.0
2024-03-04,광진구,37.0,67.0
2024-03-04,구로구,39.0,85.0
2024-03-04,금천구,44.5,85.5
2024-03-04,노원구,33.5,64.5
2024-03-04,도봉구,32.0,59.0
2024-03-04,동대문구,32.0,66.0
2024-03-04,동작구,39.0,80.5
2024-03-04,마포구,39.0,72.5
2024-03-04,서대문구,40.0,68.0
2024-03-04,서초구,45.0,91.0
2024-03-04,성동구,38.0,74.5
2024-03-04,성북구,33.0,64.0
2024-03-04,송파구,35.0,76.0
2024-03-04,양천구,37.0,72.0
2024-03-04,영등포구,39.0,72.0
2024-03-04,용산구,36.5,78.0
2024-03-04,은평구,35.0,68.0
2024-03-04,종로구,36.0,65.5
2024-03-04,중구,38.5,69.0
2024-03-04,중랑구,34.0,52.0
2024-03-05,강남구,22.0,50.0
2024-03-05,강동구,19.5,43.5
2024-03-05,강북구,20.0,38.0
2024-03-05,강서구,23.0,55.0
2024-03-05,관악구,23.0,48.0
2024-03-05,광진구,18.0,36.0
2024-03-05,구로구,21.0,53.0
2024-03-05,금천구,25.0,53.0
2024-03-05,노원구,23.0,45.5
2024-03-05,도봉구,22.0,42.0
2024-03-05,동대문구,20.0,41.5
2024-03-05,동작구,22.5,51.0
2024-03-05,마포구,23.5,44.5
2024-03-05,서대문구,26.0,46.0
2024-03-05,서초구,24.5,56.5
2024-03-05,성동구,16.5,34.5
2024-03-05,성북구,22.0,43.0
2024-03-05,송파구,21.0,48.0
2024-03-05,양천구,23.0,47.0
2024-03-05,영등포구,25.0,47.5
2024-03-05,용산구,22.0,48.0
2024-03-05,은평구,24.0,47.0
2024-03-05,종로구,21.5,40.0
2024-03-05,중구,23.0,43.0
2024-03-05,중랑구,21.0,33.0
2024-03-06,강남구,7.0,16.5
2024-03-06,강동구,5.0,13.0
2024-03-06,강북구,7.0,12.0
2024-03-06,강서구,8.0,21.0
2024-03-06,관악구,8.0,16.0
2024-03-06,광진구,5.0,11.0
2024-03-06,구로구,5.0,17.0
2024-03-06,금천구,7.5,18.0
2024-03-06,노원구,8.5,17.0
2024-03-06,도봉구,9.0,13.0
2024-03-06,동대문구,7.0,15.0
2024-03-06,동작구,7.5,18.0
2024-03-06,마포구,8.0,15.5
2024-03-06,서대문구,8.0,13.0
2024-03-06,서초구,7.0,21.0
2024-03-06,성동구,8.0,15.0
2024-03-06,성북구,8.0,15.5
2024-03-06,송파구,8.0,16.0
2024-03-06,양천구,7.0,17.0
2024-03-06,영등포구,8.5,17.5
2024-03-06,용산구,8.5,16.5
2024-03-06,은평구,7.0,14.0
2024-03-06,종로구,7.0,14.0
2024-03-06,중구,7.5,14.5
2024-03-06,중랑구,7.0,12.0
2024-03-07,강남구,18.5,33.0
2024-03-07,강동구,15.0,29.5
2024-03-07,강북구,16.0,26.0
2024-03-07,강서구,16.0,32.0
2024-03-07,관악구,18.0,34.0
2024-03-07,광진구,16.0,27.0
2024-03-07,구로구,15.0,37.0
2024-03-07,금천구,19.0,35.0
2024-03-07,노원구,17.5,29.5
2024-03-07,도봉구,17.0,26.0
2024-03-07,동대문구,16.5,29.5
2024-03-07,동작구,19.5,31.5
2024-03-07,마포구,19.0,31.5
2024-03-07,서대문구,20.0,30.0
2024-03-07,서초구,17.5,38.5
2024-03-07,성동구,18.0,30.5
2024-03-07,성북구,17.0,28.5
2024-03-07,송파구,19.0,31.0
2024-03-07,양천구,18.0,32.0
2024-03-07,영등포구,19.0,32.0
2024-03-07,용산구,18.5,34.0
2024-03-07,은평구,18.0,32.0
2024-03-07,종로구,18.0,30.0
2024-03-07,중구,18.5,29.5
2024-03-07,중랑구,17.0,24.0
2024-03-08,강남구,22.0,46.0
2024-03-08,강동구,19.5,41.5
2024-03-08,강북구,20.0,38.0
2024-03-08,강서구,21.0,48.5
2024-03-08,관악구,24.0,48.0
2024-03-08,광진구,22.0,38.0
2024-03-08,구로구,21.0,53.0
2024-03-08,금천구,24.0,46.0
2024-03-08,노원구,20.0,40.0
2024-03-08,도봉구,20.0,42.0
2024-03-08,동대문구,21.0,41.0
2024-03-08,동작구,24.0,46.5
2024-03-08,마포구,23.5,44.5
2024-03-08,서대문구,25.0,44.0
2024-03-08,서초구,24.0,61.5
2024-03-08,성동구,23.0,44.5
2024-03-08,성북구,21.5,41.0
2024-03-08,송파구,24.0,47.0
2024-03-08,양천구,24.0,46.0
2024-03-08,영등포구,24.0,44.0
2024-03-08,용산구,22.5,49.0
2024-03-08,은평구,22.0,44.0
2024-03-08,종로구,22.0,39.5
2024-03-08,중구,23.0,42.0
2024-03-08,중랑구,21.0,33.0
2024-03-09,강남구,16.0,33.0
2024-03-09,강동구,17.0,34.0
2024-03-09,강북구,18.0,31.0
2024-03-09,강서구,15.5,36.0
2024-03-09,관악구,19.0,36.0
2024-03-09,광진구,17.0,30.0
2024-03-09,구로구,14.0,37.0
2024-03-09,금천구,18.5,35.5
2024-03-09,노원구,19.0,36.5
2024-03-09,도봉구,17.0,31.0
2024-03-09,동대문구,16.5,32.5
2024-03-09,동작구,19.0,34.5
2024-03-09,마포구,19.5,35.0
2024-03-09,서대문구,21.0,32.0
2024-03-09,서초구,15.5,38.5
2024-03-09,성동구,17.5,34.0
2024-03-09,성북구,17.5,33.5
2024-03-09,송파구,19.0,35.0
2024-03-09,양천구,18.0,34.0
2024-03-09,영등포구,18.5,32.5
2024-03-09,용산구,17.5,36.0
2024-03-09,은평구,17.0,33.0
2024-03-09,종로구,17.5,31.5
2024-03-09,중구,17.5,32.5
2024-03-09,중랑구,18.0,28.0
2024-03-10,강남구,17.0,30.5
2024-03-10,강동구,17.5,32.0
2024-03-10,강북구,16.0,27.0
2024-03-10,강서구,14.0,29.5
2024-03-10,관악구,17.0,32.0
2024-03-10,광진구,18.0,28.0
2024-03-10,구로구,14.0,32.0
2024-03-10,금천구,16.0,30.0
2024-03-10,노원구,19.0,32.0
2024-03-10,도봉구,18.0,28.0
2024-03-10,동대문구,18.0,31.5
2024-03-10,동작구,16.0,29.5
2024-03-10,마포구,18.5,32.5
2024-03-10,서대문구,21.0,31.0
2024-03-10,서초구,16.0,33.5
2024-03-10,성동구,18.0,31.5
2024-03-10,성북구,18.5,32.0
2024-03-10,송파구,17.0,29.0
2024-03-10,양천구,16.0,29.0
2024-03-10,영등포구,16.5,29.5
2024-03-10,용산구,18.0,33.0
2024-03-10,은평구,15.0,29.0
2024-03-10,종로구,17.0,29.0
2024-03-10,중구,18.5,30.5
2024-03-10,중랑구,19.0,27.0
2024-03-11,강남구,18.5,37.5
2024-03-11,강동구,18.0,39.0
2024-03-11,강북구,18.0,30.0
2024-03-11,강서구,16.0,36.5
2024-03-11,관악구,18.0,35.0
2024-03-11,광진구,18.0,30.0
2024-03-11,구로구,17.0,39.0
2024-03-11,금천구,17.0,34.5
2024-03-11,노원구,20.0,36.0
2024-03-11,도봉구,23.0,33.0
2024-03-11,동대문구,18.5,34.0
2024-03-11,동작구,17.5,35.0
2024-03-11,마포구,20.5,35.0
2024-03-11,서대문구,23.0,35.0
2024-03-11,서초구,23.0,46.5
2024-03-11,성동구,18.0,36.5
2024-03-11,성북구,19.5,36.5
2024-03-11,송파구,17.0,32.0
2024-03-11,양천구,16.0,32.0
2024-03-11,영등포구,18.5,34.0
2024-03-11,용산구,19.0,37.0
2024-03-11,은평구,18.0,35.0
2024-03-11,종로구,19.0,33.0
2024-03-11,중구,21.0,36.0
2024-03-11,중랑구,18.0,28.0
2024-03-12,강남구,22.0,35.5
2024-03-12,강동구,21.0,34.0
2024-03-12,강북구,18.0,26.0
2024-03-12,강서구,23.5,43.0
2024-03-12,관악구,21.0,36.0
2024-03-12,광진구,19.0,28.0
2024-03-12,구로구,22.0,38.0
2024-03-12,금천구,21.0,35.5
2024-03-12,노원구,20.5,32.5
2024-03-12,도봉구,25.0,34.0
2024-03-12,동대문구,20.0,32.0
2024-03-12,동작구,19.5,32.5
2024-03-12,마포구,24.5,36.0
2024-03-12,서대문구,25.0,33.0
2024-03-12,서초구,25.5,37.0
2024-03-12,성동구,22.0,34.5
2024-03-12,성북구,20.5,33.0
2024-03-12,송파구,17.0,28.0
2024-03-12,양천구,22.0,36.0
2024-03-12,영등포구,22.5,34.0
2024-03-12,용산구,21.5,33.0
2024-03-12,은평구,21.0,31.0
2024-03-12,종로구,17.5,27.5
2024-03-12,중구,19.0,31.0
2024-03-12,중랑구,20.0,28.0
2024-03-13,강남구,26.0,47.5
2024-03-13,강동구,26.5,47.5
2024-03-13,강북구,25.0,41.0
2024-03-13,강서구,23.0,47.0
2024-03-13,관악구,25.0,46.0
2024-03-13,광진구,26.0,40.0
2024-03-13,구로구,24.0,51.0
2024-03-13,금천구,26.0,45.0
2024-03-13,노원구,30.0,48.0
2024-03-13,도봉구,27.0,43.0
2024-03-13,동대문구,25.5,45.0
2024-03-13,동작구,25.5,44.0
2024-03-13,마포구,28.5,47.0
2024-03-13,서대문구,26.0,35.0
2024-03-13,서초구,27.5,54.0
2024-03-13,성동구,31.5,56.5
2024-03-13,성북구,27.5,47.5
2024-03-13,송파구,25.0,44.0
2024-03-13,양천구,25.0,44.0
2024-03-13,영등포구,26.5,42.5
2024-03-13,용산구,27.5,49.5
2024-03-13,은평구,28.0,48.0
2024-03-13,종로구,26.5,43.0
2024-03-13,중구,29.0,46.0
2024-03-13,중랑구,28.0,38.0
2024-03-14,강남구,35.5,57.0
2024-03-14,강동구,37.5,64.0
2024-03-14,강북구,34.0,56.0
2024-03-14,강서구,32.0,60.5
2024-03-14,관악구,33.0,60.0
2024-03-14,광진구,37.0,56.0
2024-03-14,구로구,34.0,66.0
2024-03-14,금천구,33.5,61.0
2024-03-14,노원구,38.5,62.5
2024-03-14,도봉구,40.0,62.0
2024-03-14,동대문구,35.5,60.5
2024-03-14,동작구,35.0,57.5
2024-03-14,마포구,38.0,61.0
2024-03-14,서대문구,41.0,70.0
2024-03-14,서초구,38.5,69.0
2024-03-14,성동구,37.5,65.5
2024-03-14,성북구,37.0,62.5
2024-03-14,송파구,33.0,56.0
2024-03-14,양천구,36.0,59.0
2024-03-14,영등포구,36.0,57.5
2024-03-14,용산구,36.0,64.5
2024-03-14,은평구,39.0,64.0
2024-03-14,종로구,35.5,56.5
2024-03-14,중구,38.0,61.5
2024-03-14,중랑구,38.0,50.0
2024-03-15,강남구,31.0,54.0
2024-03-15,강동구,33.5,56.0
2024-03-15,강북구,33.0,50.0
2024-03-15,강서구,26.0,46.0
2024-03-15,관악구,27.0,48.0
2024-03-15,광진구,31.0,46.0
2024-03-15,구로구,28.0,51.0
2024-03-15,금천구,26.5,46.0
2024-03-15,노원구,35.5,57.0
2024-03-15,도봉구,40.0,57.0
2024-03-15,동대문구,32.5,51.0
2024-03-15,동작구,27.5,46.5
2024-03-15,마포구,31.0,48.0
2024-03-15,서대문구,39.0,52.0
2024-03-15,서초구,35.0,58.0
2024-03-15,성동구,32.0,54.0
2024-03-15,성북구,33.0,53.5
2024-03-15,송파구,25.0,45.0
2024-03-15,양천구,28.0,46.0
2024-03-15,영등포구,29.5,45.5
2024-03-15,용산구,30.5,50.0
2024-03-15,은평구,36.0,54.0
2024-03-15,종로구,31.5,48.5
2024-03-15,중구,34.0,51.5
2024-03-15,중랑구,31.0,42.0
2024-03-16,강남구,33.0,55.0
2024-03-16,강동구,37.0,60.0
2024-03-16,강북구,30.0,50.0
2024-03-16,강서구,27.0,49.0
2024-03-16,관악구,29.0,51.0
2024-03-16,광진구,35.0,52.0
2024-03-16,구로구,27.0,52.0
2024-03-16,금천구,25.0,47.0
2024-03-16,노원구,33.5,54.5
2024-03-16,도봉구,38.0,56.0
2024-03-16,동대문구,31.5,52.5
2024-03-16,동작구,26.0,48.5
2024-03-16,마포구,32.0,50.0
2024-03-16,서대문구,35.0,52.0
2024-03-16,서초구,32.5,57.5
2024-03-16,성동구,34.5,59.0
2024-03-16,성북구,35.5,53.0
2024-03-16,송파구,24.0,47.0
2024-03-16,양천구,27.0,46.0
2024-03-16,영등포구,31.0,49.0
2024-03-16,용산구,31.0,53.0
2024-03-16,은평구,30.0,48.0
2024-03-16,종로구,29.5,48.5
2024-03-16,중구,32.0,50.0
2024-03-16,중랑구,35.0,47.0
2024-03-17,강남구,20.5,99.0
2024-03-17,강동구,17.0,91.0
2024-03-17,강북구,16.0,85.0
2024-03-17,강서구,17.5,88.0
2024-03-17,관악구,20.0,95.0
2024-03-17,광진구,19.0,86.0
2024-03-17,구로구,18.0,121.0
2024-03-17,금천구,19.5,90.5
2024-03-17,노원구,18.0,85.0
2024-03-17,도봉구,19.0,104.0
2024-03-17,동대문구,17.5,85.5
2024-03-17,동작구,19.0,87.0
2024-03-17,마포구,19.5,91.5
2024-03-17,서대문구,24.0,111.0
2024-03-17,서초구,21.0,125.5
2024-03-17,성동구,20.5,98.5
2024-03-17,성북구,21.5,93.5
2024-03-17,송파구,19.0,95.0
2024-03-17,양천구,18.0,91.0
2024-03-17,영등포구,19.5,82.5
2024-03-17,용산구,21.0,81.5
2024-03-17,은평구,22.0,115.0
2024-03-17,종로구,18.5,83.0
2024-03-17,중구,19.0,88.0
2024-03-17,중랑구,19.0,65.0
2024-03-18,강남구,8.5,24.0
2024-03-18,강동구,5.5,22.0
2024-03-18,강북구,6.0,16.0
2024-03-18,강서구,7.5,25.5
2024-03-18,관악구,9.0,24.0
2024-03-18,광진구,7.0,21.0
2024-03-18,구로구,5.0,27.0
2024-03-18,금천구,7.5,22.5
2024-03-18,노원구,7.5,22.0
2024-03-18,도봉구,7.0,20.0
2024-03-18,동대문구,7.0,20.5
2024-03-18,동작구,9.0,24.0
2024-03-18,마포구,9.5,24.5
2024-03-18,서대문구,12.0,24.0
2024-03-18,서초구,7.5,33.5
2024-03-18,성동구,8.5,25.0
2024-03-18,성북구,6.0,20.5
2024-03-18,송파구,9.0,25.0
2024-03-18,양천구,8.0,23.0
2024-03-18,영등포구,10.0,23.5
2024-03-18,용산구,8.5,41.5
2024-03-18,은평구,8.0,21.0
2024-03-18,종로구,6.5,18.5
2024-03-18,중구,7.5,21.0
2024-03-18,중랑구,7.0,17.0
2024-03-19,강남구,26.5,54.0
2024-03-19,강동구,23.5,50.5
2024-03-19,강북구,24.0,42.0
2024-03-19,강서구,24.5,49.5
2024-03-19,관악구,25.0,51.0
2024-03-19,광진구,25.0,47.0
2024-03-19,구로구,25.0,56.0
2024-03-19,금천구,26.0,49.5
2024-03-19,노원구,25.0,48.5
2024-03-19,도봉구,27.0,53.0
2024-03-19,동대문구,22.5,44.5
2024-03-19,동작구,26.0,48.0
2024-03-19,마포구,26.0,51.0
2024-03-19,서대문구,41.0,86.0
2024-03-19,서초구,28.5,64.0
2024-03-19,성동구,27.0,54.0
2024-03-19,성북구,26.5,51.5
2024-03-19,송파구,25.0,49.0
2024-03-19,양천구,26.0,50.0
2024-03-19,영등포구,26.5,50.0
2024-03-19,용산구,27.0,58.0
2024-03-19,은평구,28.0,56.0
2024-03-19,종로구,25.0,47.5
2024-03-19,중구,26.5,49.5
2024-03-19,중랑구,25.0,41.0
2024-03-20,강남구,22.0,39.0
2024-03-20,강동구,19.5,38.5
2024-03-20,강북구,25.0,36.0
2024-03-20,강서구,22.0,42.5
2024-03-20,관악구,23.0,40.0
2024-03-20,광진구,23.0,36.0
2024-03-20,구로구,19.0,43.0
2024-03-20,금천구,23.5,40.0
2024-03-20,노원구,25.0,40.5
2024-03-20,도봉구,24.0,40.0
2024-03-20,동대문구,21.5,38.0
2024-03-20,동작구,25.0,40.5
2024-03-20,마포구,24.0,40.5
2024-03-20,서대문구,26.0,45.0
2024-03-20,서초구,22.5,47.5
2024-03-20,성동구,22.5,40.0
2024-03-20,성북구,24.5,39.0
2024-03-20,송파구,24.0,40.0
2024-03-20,양천구,23.0,39.0
2024-03-20,영등포구,23.5,37.5
2024-03-20,용산구,22.5,42.5
2024-03-20,은평구,22.0,40.0
2024-03-20,종로구,23.5,38.0
2024-03-20,중구,23.5,38.5
2024-03-20,중랑구,23.0,33.0
2024-03-21,강남구,20.0,35.0
2024-03-21,강동구,18.5,36.5
2024-03-21,강북구,20.0,33.0
2024-03-21,강서구,18.0,36.5
2024-03-21,관악구,21.0,37.0
2024-03-21,광진구,20.0,34.0
2024-03-21,구로구,18.0,40.0
2024-03-21,금천구,20.5,37.5
2024-03-21,노원구,23.0,39.0
2024-03-21,도봉구,21.0,36.0
2024-03-21,동대문구,19.5,35.0
2024-03-21,동작구,22.5,35.0
2024-03-21,마포구,20.5,36.5
2024-03-21,서대문구,24.0,38.0
2024-03-21,서초구,20.0,42.5
2024-03-21,성동구,20.5,37.5
2024-03-21,성북구,22.0,36.0
2024-03-21,송파구,21.0,38.0
2024-03-21,양천구,19.0,33.0
2024-03-21,영등포구,20.5,36.5
2024-03-21,용산구,21.0,38.5
2024-03-21,은평구,20.0,35.0
2024-03-21,종로구,19.5,33.0
2024-03-21,중구,21.0,35.5
2024-03-21,중랑구,22.0,31.0
2024-03-22,강남구,19.5,41.5
2024-03-22,강동구,16.5,41.0
2024-03-22,강북구,18.0,38.0
2024-03-22,강서구,16.5,44.0
2024-03-22,관악구,19.0,44.0
2024-03-22,광진구,18.0,38.0
2024-03-22,구로구,15.0,49.0
2024-03-22,금천구,17.0,42.5
2024-03-22,노원구,20.0,42.5
2024-03-22,도봉구,20.0,41.0
2024-03-22,동대문구,17.5,41.5
2024-03-22,동작구,19.0,41.5
2024-03-22,마포구,18.0,43.5
2024-03-22,서대문구,22.0,49.0
2024-03-22,서초구,19.5,51.5
2024-03-22,성동구,18.5,43.5
2024-03-22,성북구,20.0,43.5
2024-03-22,송파구,17.0,38.0
2024-03-22,양천구,16.0,41.0
2024-03-22,영등포구,18.5,43.5
2024-03-22,용산구,21.0,51.5
2024-03-22,은평구,18.0,46.0
2024-03-22,종로구,17.5,39.5
2024-03-22,중구,20.0,45.0
2024-03-22,중랑구,18.0,34.0
2024-03-23,강남구,29.5,62.0
2024-03-23,강동구,24.5,59.5
2024-03-23,강북구,19.0,46.0
2024-03-23,강서구,22.0,55.0
2024-03-23,관악구,26.0,62.0
2024-03-23,광진구,23.0,54.0
2024-03-23,구로구,27.0,66.0
2024-03-23,금천구,24.0,60.5
2024-03-23,노원구,21.0,50.5
2024-03-23,도봉구,24.0,49.0
2024-03-23,동대문구,22.5,56.0
2024-03-23,동작구,27.0,61.0
2024-03-23,마포구,24.0,60.5
2024-03-23,서대문구,30.0,56.0
2024-03-23,서초구,30.0,68.5
2024-03-23,성동구,26.5,61.5
2024-03-23,성북구,24.5,56.0
2024-03-23,송파구,25.0,58.0
2024-03-23,양천구,22.0,57.0
2024-03-23,영등포구,24.0,56.0
2024-03-23,용산구,27.0,63.5
2024-03-23,은평구,26.0,59.0
2024-03-23,종로구,22.0,53.5
2024-03-23,중구,23.0,55.0
2024-03-23,중랑구,23.0,44.0
2024-03-24,강남구,16.5,35.0
2024-03-24,강동구,10.5,31.5
2024-03-24,강북구,12.0,25.0
2024-03-24,강서구,20.0,43.0
2024-03-24,관악구,18.0,40.0
2024-03-24,광진구,13.0,30.0
2024-03-24,구로구,15.0,40.0
2024-03-24,금천구,16.5,39.0
2024-03-24,노원구,15.0,34.5
2024-03-24,도봉구,14.0,29.0
2024-03-24,동대문구,15.5,36.0
2024-03-24,동작구,17.5,37.0
2024-03-24,마포구,18.5,39.5
2024-03-24,서대문구,18.0,32.0
2024-03-24,서초구,15.5,40.0
2024-03-24,성동구,15.0,34.5
2024-03-24,성북구,16.0,33.5
2024-03-24,송파구,14.0,36.0
2024-03-24,양천구,19.0,41.0
2024-03-24,영등포구,18.5,37.5
2024-03-24,용산구,18.0,38.0
2024-03-24,은평구,15.0,32.0
2024-03-24,종로구,15.5,32.0
2024-03-24,중구,16.0,34.0
2024-03-24,중랑구,14.0,26.0
2024-03-25,강남구,7.5,18.0
2024-03-25,강동구,5.0,16.5
2024-03-25,강북구,7.0,16.0
2024-03-25,강서구,7.5,20.0
2024-03-25,관악구,9.0,20.0
2024-03-25,광진구,6.0,17.0
2024-03-25,구로구,5.0,18.0
2024-03-25,금천구,8.5,20.5
2024-03-25,노원구,9.0,21.0
2024-03-25,도봉구,8.0,16.0
2024-03-25,동대문구,6.5,18.0
2024-03-25,동작구,9.5,21.0
2024-03-25,마포구,7.5,19.0
2024-03-25,서대문구,13.0,18.0
2024-03-25,서초구,6.5,19.5
2024-03-25,성동구,6.5,16.5
2024-03-25,성북구,8.5,21.5
2024-03-25,송파구,7.0,19.0
2024-03-25,양천구,6.0,18.0
2024-03-25,영등포구,8.0,19.5
2024-03-25,용산구,7.5,20.0
2024-03-25,은평구,7.0,17.0
2024-03-25,종로구,8.0,17.0
2024-03-25,중구,7.5,19.5
2024-03-25,중랑구,7.0,15.0
2024-03-26,강남구,4.0,10.0
2024-03-26,강동구,2.0,8.0
2024-03-26,강북구,2.0,5.0
2024-03-26,강서구,4.0,10.0
2024-03-26,관악구,6.0,9.0
2024-03-26,광진구,2.0,5.0
2024-03-26,구로구,4.0,9.0
2024-03-26,금천구,5.0,11.5
2024-03-26,노원구,4.5,10.0
2024-03-26,도봉구,4.0,7.0
2024-03-26,동대문구,5.0,8.0
2024-03-26,동작구,5.0,9.5
2024-03-26,마포구,5.5,12.0
2024-03-26,서대문구,7.0,11.0
2024-03-26,서초구,4.5,12.5
2024-03-26,성동구,4.0,8.5
2024-03-26,성북구,3.5,8.5
2024-03-26,송파구,2.0,6.0
2024-03-26,양천구,4.0,8.0
2024-03-26,영등포구,4.0,10.5
2024-03-26,용산구,5.0,10.5
2024-03-26,은평구,3.0,7.0
2024-03-26,종로구,4.0,7.5
2024-03-26,중구,4.0,9.5
2024-03-26,중랑구,2.0,6.0
2024-03-27,강남구,16.0,28.0
2024-03-27,강동구,13.5,27.5
2024-03-27,강북구,12.0,20.0
2024-03-27,강서구,14.0,25.0
2024-03-27,관악구,17.0,28.0
2024-03-27,광진구,12.0,20.0
2024-03-27,구로구,17.0,29.0
2024-03-27,금천구,17.0,30.5
2024-03-27,노원구,13.5,25.5
2024-03-27,도봉구,17.0,25.0
2024-03-27,동대문구,12.5,23.0
2024-03-27,동작구,16.5,28.0
2024-03-27,마포구,15.0,24.5
2024-03-27,서대문구,23.0,30.0
2024-03-27,서초구,19.5,37.5
2024-03-27,성동구,15.5,28.5
2024-03-27,성북구,15.0,27.0
2024-03-27,송파구,12.0,24.0
2024-03-27,양천구,15.0,25.0
2024-03-27,영등포구,16.5,26.5
2024-03-27,용산구,15.5,29.5
2024-03-27,은평구,20.0,29.0
2024-03-27,종로구,13.5,23.0
2024-03-27,중구,14.5,24.0
2024-03-27,중랑구,13.0,19.0
2024-03-28,강남구,18.0,33.0
2024-03-28,강동구,17.5,31.5
2024-03-28,강북구,14.0,28.0
2024-03-28,강서구,11.5,29.5
2024-03-28,관악구,13.0,28.0
2024-03-28,광진구,16.0,28.0
2024-03-28,구로구,15.0,39.0
2024-03-28,금천구,12.0,30.0
2024-03-28,노원구,16.5,31.5
2024-03-28,도봉구,20.0,35.0
2024-03-28,동대문구,16.0,31.0
2024-03-28,동작구,13.0,26.0
2024-03-28,마포구,14.5,28.0
2024-03-28,서대문구,22.0,39.0
2024-03-28,서초구,20.0,39.0
2024-03-28,성동구,19.0,35.5
2024-03-28,성북구,16.0,37.5
2024-03-28,송파구,13.0,26.0
2024-03-28,양천구,12.0,32.0
2024-03-28,영등포구,16.0,26.5
2024-03-28,용산구,17.0,34.5
2024-03-28,은평구,18.0,37.0
2024-03-28,종로구,16.0,29.0
2024-03-28,중구,16.5,30.0
2024-03-28,중랑구,15.0,25.0
2024-03-29,강남구,47.0,241.5
2024-03-29,강동구,38.5,257.0
2024-03-29,강북구,33.0,246.0
2024-03-29,강서구,38.0,200.0
2024-03-29,관악구,41.0,228.0
2024-03-29,광진구,39.0,243.0
2024-03-29,구로구,41.0,245.0
2024-03-29,금천구,35.0,210.5
2024-03-29,노원구,47.5,253.5
2024-03-29,도봉구,47.0,257.0
2024-03-29,동대문구,33.5,217.5
2024-03-29,동작구,40.0,214.0
2024-03-29,마포구,38.5,221.5
2024-03-29,서대문구,49.0,230.0
2024-03-29,서초구,48.0,257.0
2024-03-29,성동구,40.0,240.5
2024-03-29,성북구,42.5,239.5
2024-03-29,송파구,40.0,252.0
2024-03-29,양천구,32.0,212.0
2024-03-29,영등포구,43.5,170.0
2024-03-29,용산구,43.0,245.5
2024-03-29,은평구,47.0,244.0
2024-03-29,종로구,98.5,209.0
2024-03-29,중구,40.0,218.0
2024-03-29,중랑구,39.0,178.0
2024-03-30,강남구,25.5,94.5
2024-03-30,강동구,19.5,93.0
2024-03-30,강북구,15.0,76.0
2024-03-30,강서구,21.0,90.5
2024-03-30,관악구,24.0,98.0
2024-03-30,광진구,26.0,86.0
2024-03-30,구로구,24.0,106.0
2024-03-30,금천구,22.0,97.0
2024-03-30,노원구,22.0,86.0
2024-03-30,도봉구,22.0,84.0
2024-03-30,동대문구,18.5,87.5
2024-03-30,동작구,23.0,89.0
2024-03-30,마포구,22.5,91.5
2024-03-30,서대문구,26.0,88.0
2024-03-30,서초구,25.5,104.0
2024-03-30,성동구,23.5,93.5
2024-03-30,성북구,22.5,88.5
2024-03-30,송파구,24.0,95.0
2024-03-30,양천구,20.0,94.0
2024-03-30,영등포구,26.0,87.5
2024-03-30,용산구,24.0,102.0
2024-03-30,은평구,24.0,92.0
2024-03-30,종로구,19.5,82.5
2024-03-30,중구,20.5,84.5
2024-03-30,중랑구,21.0,72.0
2024-03-31,강남구,12.0,45.0
2024-03-31,강동구,8.5,43.5
2024-03-31,강북구,10.0,36.0
2024-03-31,강서구,10.5,43.0
2024-03-31,관악구,13.0,44.0
2024-03-31,광진구,11.0,39.0
2024-03-31,구로구,10.0,50.0
2024-03-31,금천구,11.0,41.5
2024-03-31,노원구,12.5,43.5
2024-03-31,도봉구,11.0,43.0
2024-03-31,동대문구,10.0,38.5
2024-03-31,동작구,12.5,41.5
2024-03-31,마포구,13.5,45.0
2024-03-31,서대문구,16.0,44.0
2024-03-31,서초구,11.5,51.0
2024-03-31,성동구,11.5,42.0
2024-03-31,성북구,11.5,41.0
2024-03-31,송파구,12.0,45.0
2024-03-31,양천구,11.0,43.0
2024-03-31,영등포구,12.5,40.0
2024-03-31,용산구,12.0,50.5
2024-03-31,은평구,11.0,45.0
2024-03-31,종로구,11.0,37.5
2024-03-31,중구,12.5,41.0
2024-03-31,중랑구,11.0,34.0
2024-04-01,강남구,14.0,45.5
2024-04-01,강동구,11.0,45.5
2024-04-01,강북구,12.0,37.0
2024-04-01,강서구,12.5,48.5
2024-04-01,관악구,14.0,44.0
2024-04-01,광진구,13.0,42.0
2024-04-01,구로구,11.0,51.0
2024-04-01,금천구,12.5,43.5
2024-04-01,노원구,16.0,48.5
2024-04-01,도봉구,14.0,46.0
2024-04-01,동대문구,13.5,43.0
2024-04-01,동작구,14.5,44.0
2024-04-01,마포구,15.0,45.5
2024-04-01,서대문구,15.0,41.0
2024-04-01,서초구,15.0,58.0
2024-04-01,성동구,14.0,48.5
2024-04-01,성북구,14.5,47.5
2024-04-01,송파구,14.0,48.0
2024-04-01,양천구,13.0,42.0
2024-04-01,영등포구,14.5,41.5
2024-04-01,용산구,15.0,50.0
2024-04-01,은평구,11.0,40.0
2024-04-01,종로구,12.0,37.0
2024-04-01,중구,14.0,40.5
2024-04-01,중랑구,14.0,37.0
2024-04-02,강남구,25.0,58.5
2024-04-02,강동구,22.5,57.0
2024-04-02,강북구,21.0,44.0
2024-04-02,강서구,20.0,58.5
2024-04-02,관악구,22.0,51.0
2024-04-02,광진구,22.0,48.0
2024-04-02,구로구,20.0,59.0
2024-04-02,금천구,19.0,48.5
2024-04-02,노원구,24.5,53.0
2024-04-02,도봉구,26.0,51.0
2024-04-02,동대문구,22.0,51.5
2024-04-02,동작구,22.0,51.5
2024-04-02,마포구,24.0,54.0
2024-04-02,서대문구,25.0,52.0
2024-04-02,서초구,25.0,68.0
2024-04-02,성동구,23.0,57.0
2024-04-02,성북구,26.5,57.0
2024-04-02,송파구,22.0,57.0
2024-04-02,양천구,18.0,47.0
2024-04-02,영등포구,23.5,49.5
2024-04-02,용산구,25.5,61.5
2024-04-02,은평구,22.0,51.0
2024-04-02,종로구,23.0,49.5
2024-04-02,중구,25.0,56.0
2024-04-02,중랑구,23.0,41.0
2024-04-03,강남구,22.0,43.5
2024-04-03,강동구,18.0,39.5
2024-04-03,강북구,18.0,34.0
2024-04-03,강서구,25.5,57.5
2024-04-03,관악구,23.0,44.0
2024-04-03,광진구,19.0,36.0
2024-04-03,구로구,22.0,48.0
2024-04-03,금천구,18.0,39.5
2024-04-03,노원구,24.5,47.0
2024-04-03,도봉구,23.0,43.0
2024-04-03,동대문구,21.5,43.0
2024-04-03,동작구,21.5,44.5
2024-04-03,마포구,21.5,42.5
2024-04-03,서대문구,22.0,37.0
2024-04-03,서초구,23.0,50.5
2024-04-03,성동구,21.0,45.5
2024-04-03,성북구,24.5,49.0
2024-04-03,송파구,21.0,42.0
2024-04-03,양천구,21.0,43.0
2024-04-03,영등포구,23.5,44.0
2024-04-03,용산구,23.0,49.0
2024-04-03,은평구,18.0,38.0
2024-04-03,종로구,20.5,41.0
2024-04-03,중구,23.5,47.0
2024-04-03,중랑구,19.0,36.0
2024-04-04,강남구,13.0,31.5
2024-04-04,강동구,10.5,27.5
2024-04-04,강북구,15.0,31.0
2024-04-04,강서구,17.5,42.5
2024-04-04,관악구,16.0,33.0
2024-04-04,광진구,12.0,27.0
2024-04-04,구로구,12.0,37.0
2024-04-04,금천구,15.5,35.0
2024-04-04,노원구,16.5,36.0
2024-04-04,도봉구,16.0,33.0
2024-04-04,동대문구,13.5,31.5
2024-04-04,동작구,15.5,32.0
2024-04-04,마포구,15.5,33.0
2024-04-04,서대문구,18.0,32.0
2024-04-04,서초구,14.5,38.0
2024-04-04,성동구,13.0,30.0
2024-04-04,성북구,15.0,33.5
2024-04-04,송파구,13.0,31.0
2024-04-04,양천구,17.0,36.0
2024-04-04,영등포구,18.5,33.5
2024-04-04,용산구,17.0,38.5
2024-04-04,은평구,15.0,33.0
2024-04-04,종로구,14.0,30.5
2024-04-04,중구,16.0,33.5
2024-04-04,중랑구,14.0,26.0
2024-04-05,강남구,20.0,41.0
2024-04-05,강동구,17.5,38.0
2024-04-05,강북구,19.0,38.0
2024-04-05,강서구,19.5,43.0
2024-04-05,관악구,23.0,45.0
2024-04-05,광진구,20.0,39.0
2024-04-05,구로구,18.0,47.0
2024-04-05,금천구,20.5,43.5
2024-04-05,노원구,22.5,44.0
2024-04-05,도봉구,20.0,40.0
2024-04-05,동대문구,19.5,41.5
2024-04-05,동작구,22.5,42.0
2024-04-05,마포구,22.0,43.0
2024-04-05,서대문구,23.0,45.0
2024-04-05,서초구,20.5,48.0
2024-04-05,성동구,19.5,43.0
2024-04-05,성북구,20.5,42.0
2024-04-05,송파구,20.0,40.0
2024-04-05,양천구,21.0,41.0
2024-04-05,영등포구,22.0,41.5
2024-04-05,용산구,21.0,49.5
2024-04-05,은평구,21.0,45.0
2024-04-05,종로구,19.5,40.5
2024-04-05,중구,21.0,41.0
2024-04-05,중랑구,22.0,34.0
2024-04-06,강남구,40.0,68.0
2024-04-06,강동구,38.0,65.5
2024-04-06,강북구,30.0,51.0
2024-04-06,강서구,39.0,71.0
2024-04-06,관악구,40.0,67.0
2024-04-06,광진구,40.0,62.0
2024-04-06,구로구,42.0,75.0
2024-04-06,금천구,37.0,64.0
2024-04-06,노원구,38.0,62.0
2024-04-06,도봉구,33.0,55.0
2024-04-06,동대문구,38.5,67.5
2024-04-06,동작구,35.5,59.0
2024-04-06,마포구,45.5,70.0
2024-04-06,서대문구,42.0,66.0
2024-04-06,서초구,39.5,74.5
2024-04-06,성동구,38.5,69.0
2024-04-06,성북구,35.5,62.0
2024-04-06,송파구,33.0,59.0
2024-04-06,양천구,44.0,68.0
2024-04-06,영등포구,43.5,67.0
2024-04-06,용산구,41.5,75.5
2024-04-06,은평구,35.0,63.0
2024-04-06,종로구,38.5,62.0
2024-04-06,중구,41.5,65.5
2024-04-06,중랑구,42.0,57.0
2024-04-07,강남구,32.5,56.5
2024-04-07,강동구,34.0,58.0
2024-04-07,강북구,29.0,48.0
2024-04-07,강서구,31.0,57.0
2024-04-07,관악구,30.0,52.0
2024-04-07,광진구,34.0,54.0
2024-04-07,구로구,29.0,61.0
2024-04-07,금천구,27.5,49.0
2024-04-07,노원구,34.5,56.5
2024-04-07,도봉구,31.0,50.0
2024-04-07,동대문구,33.5,58.0
2024-04-07,동작구,28.5,48.5
2024-04-07,마포구,35.5,57.5
2024-04-07,서대문구,34.0,55.0
2024-04-07,서초구,31.0,58.5
2024-04-07,성동구,33.0,58.5
2024-04-07,성북구,33.0,56.0
2024-04-07,송파구,29.0,51.0
2024-04-07,양천구,34.0,55.0
2024-04-07,영등포구,35.5,56.0
2024-04-07,용산구,35.5,63.5
2024-04-07,은평구,30.0,52.0
2024-04-07,종로구,31.5,52.0
2024-04-07,중구,34.0,56.0
2024-04-07,중랑구,37.0,49.0
2024-04-08,강남구,29.0,59.5
2024-04-08,강동구,29.0,59.5
2024-04-08,강북구,25.0,46.0
2024-04-08,강서구,25.0,59.0
2024-04-08,관악구,30.0,60.0
2024-04-08,광진구,27.0,50.0
2024-04-08,구로구,30.0,68.0
2024-04-08,금천구,26.0,56.5
2024-04-08,노원구,29.0,55.0
2024-04-08,도봉구,27.0,54.0
2024-04-08,동대문구,28.0,56.0
2024-04-08,동작구,29.0,56.0
2024-04-08,마포구,29.5,57.5
2024-04-08,서대문구,31.0,56.0
2024-04-08,서초구,32.5,71.5
2024-04-08,성동구,28.0,59.5
2024-04-08,성북구,28.0,56.5
2024-04-08,송파구,27.0,59.0
2024-04-08,양천구,28.0,54.0
2024-04-08,영등포구,30.5,55.5
2024-04-08,용산구,28.5,65.0
2024-04-08,은평구,26.0,53.0
2024-04-08,종로구,27.0,50.5
2024-04-08,중구,29.0,53.5
2024-04-08,중랑구,29.0,44.0
2024-04-09,강남구,18.0,40.5
2024-04-09,강동구,13.5,34.5
2024-04-09,강북구,18.0,35.0
2024-04-09,강서구,18.5,42.5
2024-04-09,관악구,22.0,46.0
2024-04-09,광진구,17.0,36.0
2024-04-09,구로구,18.0,48.0
2024-04-09,금천구,21.0,44.5
2024-04-09,노원구,20.5,42.0
2024-04-09,도봉구,16.0,39.0
2024-04-09,동대문구,17.5,39.5
2024-04-09,동작구,21.0,43.0
2024-04-09,마포구,19.5,41.5
2024-04-09,서대문구,20.0,42.0
2024-04-09,서초구,18.5,49.0
2024-04-09,성동구,16.0,36.5
2024-04-09,성북구,18.0,41.0
2024-04-09,송파구,18.0,40.0
2024-04-09,양천구,20.0,41.0
2024-04-09,영등포구,21.0,39.5
2024-04-09,용산구,17.0,45.5
2024-04-09,은평구,16.0,40.0
2024-04-09,종로구,18.0,37.0
2024-04-09,중구,19.0,41.5
2024-04-09,중랑구,17.0,31.0
2024-04-10,강남구,17.5,43.0
2024-04-10,강동구,16.0,41.0
2024-04-10,강북구,15.0,37.0
2024-04-10,강서구,16.5,42.5
2024-04-10,관악구,20.0,47.0
2024-04-10,광진구,18.0,40.0
2024-04-10,구로구,17.0,49.0
2024-04-10,금천구,19.0,43.5
2024-04-10,노원구,19.5,44.0
2024-04-10,도봉구,16.0,38.0
2024-04-10,동대문구,18.5,43.0
2024-04-10,동작구,19.0,43.0
2024-04-10,마포구,18.0,43.5
2024-04-10,서대문구,21.0,43.0
2024-04-10,서초구,19.0,50.5
2024-04-10,성동구,16.5,45.0
2024-04-10,성북구,17.5,42.5
2024-04-10,송파구,18.0,43.0
2024-04-10,양천구,17.0,44.0
2024-04-10,영등포구,19.0,42.0
2024-04-10,용산구,17.5,49.0
2024-04-10,은평구,17.0,45.0
2024-04-10,종로구,17.0,40.0
2024-04-10,중구,17.5,42.5
2024-04-10,중랑구,18.0,34.0
2024-04-11,강남구,22.0,52.0
2024-04-11,강동구,20.0,51.0
2024-04-11,강북구,18.0,42.0
2024-04-11,강서구,17.5,47.5
2024-04-11,관악구,22.0,53.0
2024-04-11,광진구,21.0,46.0
2024-04-11,구로구,22.0,58.0
2024-04-11,금천구,22.5,51.5
2024-04-11,노원구,22.5,49.0
2024-04-11,도봉구,20.0,48.0
2024-04-11,동대문구,21.0,49.0
2024-04-11,동작구,21.0,49.5
2024-04-11,마포구,20.5,48.5
2024-04-11,서대문구,25.0,50.0
2024-04-11,서초구,23.5,62.0
2024-04-11,성동구,21.5,51.5
2024-04-11,성북구,20.0,51.0
2024-04-11,송파구,21.0,49.0
2024-04-11,양천구,19.0,48.0
2024-04-11,영등포구,21.5,46.0
2024-04-11,용산구,22.5,55.5
2024-04-11,은평구,21.0,47.0
2024-04-11,종로구,20.0,45.0
2024-04-11,중구,19.5,46.5
2024-04-11,중랑구,20.0,38.0
2024-04-12,강남구,25.0,51.5
2024-04-12,강동구,23.5,50.5
2024-04-12,강북구,20.0,41.0
2024-04-12,강서구,21.0,48.0
2024-04-12,관악구,22.0,47.0
2024-04-12,광진구,25.0,47.0
2024-04-12,구로구,22.0,52.0
2024-04-12,금천구,22.0,44.0
2024-04-12,노원구,26.5,51.5
2024-04-12,도봉구,24.0,46.0
2024-04-12,동대문구,25.0,51.0
2024-04-12,동작구,23.0,44.5
2024-04-12,마포구,23.5,48.0
2024-04-12,서대문구,25.0,48.0
2024-04-12,서초구,24.0,55.0
2024-04-12,성동구,24.5,51.5
2024-04-12,성북구,24.0,49.5
2024-04-12,송파구,23.0,50.0
2024-04-12,양천구,21.0,45.0
2024-04-12,영등포구,23.0,47.0
2024-04-12,용산구,25.0,54.5
2024-04-12,은평구,22.0,44.0
2024-04-12,종로구,23.5,46.0
2024-04-12,중구,24.0,48.0
2024-04-12,중랑구,26.0,39.0
2024-04-13,강남구,20.5,43.0
2024-04-13,강동구,17.0,41.0
2024-04-13,강북구,13.0,31.0
2024-04-13,강서구,16.5,40.5
2024-04-13,관악구,18.0,41.0
2024-04-13,광진구,20.0,41.0
2024-04-13,구로구,18.0,45.0
2024-04-13,금천구,18.5,39.5
2024-04-13,노원구,20.0,41.0
2024-04-13,도봉구,16.0,39.0
2024-04-13,동대문구,19.0,42.5
2024-04-13,동작구,18.5,39.0
2024-04-13,마포구,18.5,42.0
2024-04-13,서대문구,20.0,38.0
2024-04-13,서초구,19.0,45.5
2024-04-13,성동구,19.5,44.5
2024-04-13,성북구,17.5,39.0
2024-04-13,송파구,19.0,43.0
2024-04-13,양천구,16.0,36.0
2024-04-13,영등포구,17.5,37.5
2024-04-13,용산구,20.0,47.5
2024-04-13,은평구,15.0,36.0
2024-04-13,종로구,16.5,36.5
2024-04-13,중구,17.0,38.5
2024-04-13,중랑구,19.0,33.0
2024-04-14,강남구,23.0,46.5
2024-04-14,강동구,20.0,42.5
2024-04-14,강북구,19.0,38.0
2024-04-14,강서구,20.5,44.0
2024-04-14,관악구,23.0,48.0
2024-04-14,광진구,23.0,43.0
2024-04-14,구로구,24.0,54.0
2024-04-14,금천구,22.5,43.0
2024-04-14,노원구,24.5,46.5
2024-04-14,도봉구,19.0,44.0
2024-04-14,동대문구,24.0,47.0
2024-04-14,동작구,22.0,42.5
2024-04-14,마포구,23.5,47.0
2024-04-14,서대문구,23.0,43.0
2024-04-14,서초구,21.5,48.5
2024-04-14,성동구,23.0,46.0
2024-04-14,성북구,22.0,45.0
2024-04-14,송파구,22.0,46.0
2024-04-14,양천구,21.0,42.0
2024-04-14,영등포구,23.0,42.0
2024-04-14,용산구,24.0,50.5
2024-04-14,은평구,19.0,43.0
2024-04-14,종로구,21.5,40.0
2024-04-14,중구,22.0,42.5
2024-04-14,중랑구,23.0,36.0
2024-04-15,강남구,11.5,20.0
2024-04-15,강동구,9.0,18.5
2024-04-15,강북구,11.0,20.0
2024-04-15,강서구,12.0,28.0
2024-04-15,관악구,12.0,24.0
2024-04-15,광진구,11.0,21.0
2024-04-15,구로구,10.0,22.0
2024-04-15,금천구,10.5,21.5
2024-04-15,노원구,12.5,25.0
2024-04-15,도봉구,11.0,19.0
2024-04-15,동대문구,11.0,22.0
2024-04-15,동작구,11.5,26.0
2024-04-15,마포구,12.5,23.0
2024-04-15,서대문구,15.0,22.0
2024-04-15,서초구,9.0,29.5
2024-04-15,성동구,11.5,23.5
2024-04-15,성북구,12.0,26.5
2024-04-15,송파구,10.0,20.0
2024-04-15,양천구,12.0,23.0
2024-04-15,영등포구,12.5,22.5
2024-04-15,용산구,11.5,23.5
2024-04-15,은평구,12.0,24.0
2024-04-15,종로구,11.5,21.0
2024-04-15,중구,12.5,23.5
2024-04-15,중랑구,11.0,18.0
2024-04-16,강남구,33.0,89.0
2024-04-16,강동구,26.5,85.5
2024-04-16,강북구,18.0,67.0
2024-04-16,강서구,26.5,76.0
2024-04-16,관악구,29.0,88.0
2024-04-16,광진구,25.0,78.0
2024-04-16,구로구,37.0,101.0
2024-04-16,금천구,30.0,81.5
2024-04-16,노원구,25.0,79.5
2024-04-16,도봉구,29.0,82.0
2024-04-16,동대문구,26.5,77.0
2024-04-16,동작구,28.0,83.0
2024-04-16,마포구,28.0,79.5
2024-04-16,서대문구,40.0,113.0
2024-04-16,서초구,34.0,128.0
2024-04-16,성동구,29.0,86.0
2024-04-16,성북구,26.5,81.5
2024-04-16,송파구,23.0,92.0
2024-04-16,양천구,27.0,79.0
2024-04-16,영등포구,29.0,77.5
2024-04-16,용산구,30.0,94.5
2024-04-16,은평구,35.0,93.0
2024-04-16,종로구,26.5,72.0
2024-04-16,중구,26.0,74.0
2024-04-16,중랑구,26.0,62.0
2024-04-17,강남구,54.0,152.0
2024-04-17,강동구,42.5,151.0
2024-04-17,강북구,23.0,129.0
2024-04-17,강서구,32.0,124.5
2024-04-17,관악구,37.0,151.0
2024-04-17,광진구,44.0,144.0
2024-04-17,구로구,47.0,150.0
2024-04-17,금천구,40.5,141.5
2024-04-17,노원구,38.5,140.5
2024-04-17,도봉구,39.0,132.0
2024-04-17,동대문구,42.0,145.0
2024-04-17,동작구,39.5,144.5
2024-04-17,마포구,39.5,132.0
2024-04-17,서대문구,50.0,144.0
2024-04-17,서초구,52.5,163.5
2024-04-17,성동구,48.5,146.0
2024-04-17,성북구,41.0,145.5
2024-04-17,송파구,35.0,151.0
2024-04-17,양천구,34.0,131.0
2024-04-17,영등포구,38.5,132.0
2024-04-17,용산구,47.0,153.5
2024-04-17,은평구,45.0,144.0
2024-04-17,종로구,41.0,132.5
2024-04-17,중구,40.0,133.0
2024-04-17,중랑구,41.0,113.0
2024-04-18,강남구,31.5,117.5
2024-04-18,강동구,24.5,112.0
2024-04-18,강북구,20.0,113.0
2024-04-18,강서구,23.5,103.0
2024-04-18,관악구,27.0,127.0
2024-04-18,광진구,26.0,113.0
2024-04-18,구로구,31.0,122.0
2024-04-18,금천구,28.5,115.5
2024-04-18,노원구,29.5,115.5
2024-04-18,도봉구,30.0,107.0
2024-04-18,동대문구,26.0,117.5
2024-04-18,동작구,26.0,119.0
2024-04-18,마포구,25.0,110.5
2024-04-18,서대문구,34.0,118.0
2024-04-18,서초구,31.0,127.5
2024-04-18,성동구,28.5,113.0
2024-04-18,성북구,29.0,119.0
2024-04-18,송파구,26.0,121.0
2024-04-18,양천구,22.0,100.0
2024-04-18,영등포구,25.0,102.0
2024-04-18,용산구,30.0,123.0
2024-04-18,은평구,31.0,115.0
2024-04-18,종로구,25.5,105.0
2024-04-18,중구,24.5,107.5
2024-04-18,중랑구,27.0,90.0
2024-04-19,강남구,33.5,99.5
2024-04-19,강동구,29.0,93.5
2024-04-19,강북구,25.0,81.0
2024-04-19,강서구,26.5,97.5
2024-04-19,관악구,29.0,101.0
2024-04-19,광진구,28.0,88.0
2024-04-19,구로구,34.0,115.0
2024-04-19,금천구,28.5,94.0
2024-04-19,노원구,32.0,92.5
2024-04-19,도봉구,33.0,90.0
2024-04-19,동대문구,29.5,96.5
2024-04-19,동작구,28.0,89.5
2024-04-19,마포구,30.0,98.5
2024-04-19,서대문구,33.0,100.0
2024-04-19,서초구,35.5,110.0
2024-04-19,성동구,30.5,96.5
2024-04-19,성북구,33.0,98.5
2024-04-19,송파구,27.0,92.0
2024-04-19,양천구,25.0,92.0
2024-04-19,영등포구,29.5,92.5
2024-04-19,용산구,32.0,108.0
2024-04-19,은평구,36.0,105.0
2024-04-19,종로구,29.0,88.0
2024-04-19,중구,29.5,91.5
2024-04-19,중랑구,32.0,73.0
2024-04-20,강남구,28.5,62.0
2024-04-20,강동구,26.5,60.0
2024-04-20,강북구,22.0,52.0
2024-04-20,강서구,22.0,59.5
2024-04-20,관악구,24.0,61.0
2024-04-20,광진구,26.0,57.0
2024-04-20,구로구,29.0,68.0
2024-04-20,금천구,22.5,55.5
2024-04-20,노원구,27.0,59.5
2024-04-20,도봉구,29.0,57.0
2024-04-20,동대문구,26.0,62.0
2024-04-20,동작구,24.0,58.5
2024-04-20,마포구,25.5,60.5
2024-04-20,서대문구,26.0,60.0
2024-04-20,서초구,28.5,64.5
2024-04-20,성동구,26.5,60.0
2024-04-20,성북구,28.5,62.5
2024-04-20,송파구,24.0,58.0
2024-04-20,양천구,24.0,60.0
2024-04-20,영등포구,27.0,60.5
2024-04-20,용산구,27.0,66.0
2024-04-20,은평구,29.0,57.0
2024-04-20,종로구,25.5,56.5
2024-04-20,중구,27.0,57.5
2024-04-20,중랑구,27.0,49.0
2024-04-21,강남구,8.0,17.5
2024-04-21,강동구,6.0,17.0
2024-04-21,강북구,7.0,16.0
2024-04-21,강서구,6.5,17.0
2024-04-21,관악구,7.0,18.0
2024-04-21,광진구,6.0,17.0
2024-04-21,구로구,7.0,17.0
2024-04-21,금천구,7.0,17.5
2024-04-21,노원구,8.5,20.5
2024-04-21,도봉구,8.0,17.0
2024-04-21,동대문구,8.0,18.5
2024-04-21,동작구,7.0,17.0
2024-04-21,마포구,7.5,17.5
2024-04-21,서대문구,6.0,17.0
2024-04-21,서초구,7.5,19.5
2024-04-21,성동구,8.5,15.5
2024-04-21,성북구,7.0,18.5
2024-04-21,송파구,7.0,18.0
2024-04-21,양천구,7.0,16.0
2024-04-21,영등포구,7.0,17.5
2024-04-21,용산구,7.5,20.0
2024-04-21,은평구,7.0,16.0
2024-04-21,종로구,7.5,17.0
2024-04-21,중구,7.5,17.0
2024-04-21,중랑구,7.0,15.0
2024-04-22,강남구,15.5,31.5
2024-04-22,강동구,12.5,28.0
2024-04-22,강북구,15.0,28.0
2024-04-22,강서구,16.0,34.0
2024-04-22,관악구,17.0,34.0
2024-04-22,광진구,15.0,30.0
2024-04-22,구로구,16.0,33.0
2024-04-22,금천구,15.5,33.5
2024-04-22,노원구,18.5,34.5
2024-04-22,도봉구,15.0,27.0
2024-04-22,동대문구,15.5,31.0
2024-04-22,동작구,17.0,32.0
2024-04-22,마포구,16.5,31.0
2024-04-22,서대문구,15.0,28.0
2024-04-22,서초구,15.5,36.5
2024-04-22,성동구,15.5,28.5
2024-04-22,성북구,15.5,30.5
2024-04-22,송파구,16.0,33.0
2024-04-22,양천구,15.0,31.0
2024-04-22,영등포구,17.5,32.0
2024-04-22,용산구,15.0,34.5
2024-04-22,은평구,17.0,30.0
2024-04-22,종로구,16.0,29.5
2024-04-22,중구,17.5,31.5
2024-04-22,중랑구,16.0,26.0
2024-04-23,강남구,10.0,22.0
2024-04-23,강동구,6.5,18.0
2024-04-23,강북구,10.0,17.0
2024-04-23,강서구,11.0,24.5
2024-04-23,관악구,11.0,23.0
2024-04-23,광진구,9.0,20.0
2024-04-23,구로구,11.0,23.0
2024-04-23,금천구,11.5,25.0
2024-04-23,노원구,11.0,22.5
2024-04-23,도봉구,9.0,20.0
2024-04-23,동대문구,9.5,19.5
2024-04-23,동작구,11.0,23.0
2024-04-23,마포구,11.0,21.0
2024-04-23,서대문구,9.0,19.0
2024-04-23,서초구,9.5,25.5
2024-04-23,성동구,8.5,17.5
2024-04-23,성북구,9.5,20.5
2024-04-23,송파구,11.0,22.0
2024-04-23,양천구,10.0,22.0
2024-04-23,영등포구,12.5,22.5
2024-04-23,용산구,11.0,24.5
2024-04-23,은평구,9.0,20.0
2024-04-23,종로구,10.0,20.0
2024-04-23,중구,10.5,22.5
2024-04-23,중랑구,10.0,17.0
2024-04-24,강남구,6.0,12.5
2024-04-24,강동구,4.0,11.5
2024-04-24,강북구,5.0,9.0
2024-04-24,강서구,5.5,12.5
2024-04-24,관악구,7.0,14.0
2024-04-24,광진구,5.0,11.0
2024-04-24,구로구,6.0,14.0
2024-04-24,금천구,5.5,14.5
2024-04-24,노원구,6.0,13.0
2024-04-24,도봉구,5.0,10.0
2024-04-24,동대문구,6.0,13.0
2024-04-24,동작구,7.0,15.0
2024-04-24,마포구,6.0,13.5
2024-04-24,서대문구,5.0,13.0
2024-04-24,서초구,5.5,15.0
2024-04-24,성동구,5.5,13.5
2024-04-24,성북구,5.0,13.5
2024-04-24,송파구,5.0,13.0
2024-04-24,양천구,4.0,13.0
2024-04-24,영등포구,6.5,14.5
2024-04-24,용산구,5.5,15.0
2024-04-24,은평구,7.0,12.0
2024-04-24,종로구,5.5,12.0
2024-04-24,중구,5.5,13.0
2024-04-24,중랑구,6.0,11.0
2024-04-25,강남구,24.0,35.5
2024-04-25,강동구,20.0,33.5
2024-04-25,강북구,15.0,23.0
2024-04-25,강서구,19.5,33.0
2024-04-25,관악구,21.0,34.0
2024-04-25,광진구,18.0,29.0
2024-04-25,구로구,13.0,19.0
2024-04-25,금천구,22.5,35.0
2024-04-25,노원구,17.0,30.0
2024-04-25,도봉구,19.0,30.0
2024-04-25,동대문구,17.5,29.5
2024-04-25,동작구,21.0,33.5
2024-04-25,마포구,21.0,33.5
2024-04-25,서대문구,19.0,32.0
2024-04-25,서초구,24.0,41.0
2024-04-25,성동구,20.0,35.0
2024-04-25,성북구,17.5,31.5
2024-04-25,송파구,20.0,34.0
2024-04-25,양천구,20.0,32.0
2024-04-25,영등포구,22.5,34.5
2024-04-25,용산구,20.5,36.0
2024-04-25,은평구,22.0,35.0
2024-04-25,종로구,17.5,28.5
2024-04-25,중구,18.5,29.5
2024-04-25,중랑구,19.0,26.0
2024-04-26,강남구,33.0,72.5
2024-04-26,강동구,27.0,77.0
2024-04-26,강북구,19.0,49.0
2024-04-26,강서구,22.0,53.0
2024-04-26,관악구,32.0,68.0
2024-04-26,광진구,25.0,69.0
2024-04-26,구로구,32.0,96.0
2024-04-26,금천구,32.0,67.0
2024-04-26,노원구,23.0,60.0
2024-04-26,도봉구,24.0,61.0
2024-04-26,동대문구,23.5,64.5
2024-04-26,동작구,29.0,64.5
2024-04-26,마포구,25.5,62.5
2024-04-26,서대문구,24.0,67.0
2024-04-26,서초구,36.5,86.0
2024-04-26,성동구,29.0,77.0
2024-04-26,성북구,23.0,66.0
2024-04-26,송파구,26.0,72.0
2024-04-26,양천구,23.0,55.0
2024-04-26,영등포구,28.0,55.5
2024-04-26,용산구,27.5,78.0
2024-04-26,은평구,22.0,65.0
2024-04-26,종로구,24.5,58.5
2024-04-26,중구,25.0,61.5
2024-04-26,중랑구,28.0,54.0
2024-04-27,강남구,29.5,57.0
2024-04-27,강동구,22.0,54.0
2024-04-27,강북구,15.0,41.0
2024-04-27,강서구,24.5,49.5
2024-04-27,관악구,32.0,58.0
2024-04-27,광진구,23.0,50.0
2024-04-27,구로구,39.0,68.0
2024-04-27,금천구,25.0,54.0
2024-04-27,노원구,17.5,48.5
2024-04-27,도봉구,15.0,48.0
2024-04-27,동대문구,18.0,47.0
2024-04-27,동작구,23.0,49.0
2024-04-27,마포구,27.5,51.0
2024-04-27,서대문구,16.0,48.0
2024-04-27,서초구,29.5,62.5
2024-04-27,성동구,24.5,55.5
2024-04-27,성북구,15.5,48.5
2024-04-27,송파구,22.0,52.0
2024-04-27,양천구,29.0,53.0
2024-04-27,영등포구,31.5,57.5
2024-04-27,용산구,25.0,55.5
2024-04-27,은평구,18.0,48.0
2024-04-27,종로구,19.5,40.5
2024-04-27,중구,19.5,45.0
2024-04-27,중랑구,24.0,40.0
2024-04-28,강남구,22.0,39.0
2024-04-28,강동구,17.0,34.5
2024-04-28,강북구,20.0,32.0
2024-04-28,강서구,21.5,42.0
2024-04-28,관악구,23.0,43.0
2024-04-28,광진구,19.0,36.0
2024-04-28,구로구,26.0,49.0
2024-04-28,금천구,20.5,37.5
2024-04-28,노원구,19.5,38.0
2024-04-28,도봉구,19.0,35.0
2024-04-28,동대문구,21.5,40.5
2024-04-28,동작구,18.5,35.0
2024-04-28,마포구,24.0,44.0
2024-04-28,서대문구,19.0,38.0
2024-04-28,서초구,19.0,40.0
2024-04-28,성동구,20.0,39.0
2024-04-28,성북구,20.0,38.0
2024-04-28,송파구,20.0,36.0
2024-04-28,양천구,20.0,39.0
2024-04-28,영등포구,23.5,40.5
2024-04-28,용산구,22.5,46.5
2024-04-28,은평구,20.0,39.0
2024-04-28,종로구,21.0,35.0
2024-04-28,중구,21.5,38.0
2024-04-28,중랑구,22.0,31.0
2024-04-29,강남구,19.5,43.5
2024-04-29,강동구,15.5,37.5
2024-04-29,강북구,21.0,38.0
2024-04-29,강서구,19.5,45.0
2024-04-29,관악구,21.0,43.0
2024-04-29,광진구,18.0,39.0
2024-04-29,구로구,21.0,47.0
2024-04-29,금천구,20.0,43.0
2024-04-29,노원구,21.5,45.0
2024-04-29,도봉구,19.0,43.0
2024-04-29,동대문구,19.5,42.0
2024-04-29,동작구,20.5,41.5
2024-04-29,마포구,21.5,44.5
2024-04-29,서대문구,18.0,49.0
2024-04-29,서초구,19.5,50.0
2024-04-29,성동구,18.0,41.5
2024-04-29,성북구,20.5,45.5
2024-04-29,송파구,19.0,42.0
2024-04-29,양천구,19.0,41.0
2024-04-29,영등포구,22.0,42.5
2024-04-29,용산구,19.5,49.5
2024-04-29,은평구,22.0,49.0
2024-04-29,종로구,21.0,40.0
2024-04-29,중구,20.5,43.0
2024-04-29,중랑구,22.0,35.0
2024-04-30,강남구,33.5,56.5
2024-04-30,강동구,31.5,56.5
2024-04-30,강북구,32.0,51.0
2024-04-30,강서구,32.5,62.5
2024-04-30,관악구,34.0,61.0
2024-04-30,광진구,31.0,50.0
2024-04-30,구로구,38.0,69.0
2024-04-30,금천구,32.0,56.5
2024-04-30,노원구,34.5,58.0
2024-04-30,도봉구,36.0,61.0
2024-04-30,동대문구,34.0,60.0
2024-04-30,동작구,29.5,53.0
2024-04-30,마포구,34.0,61.5
2024-04-30,서대문구,34.0,65.0
2024-04-30,서초구,36.5,66.5
2024-04-30,성동구,32.5,59.5
2024-04-30,성북구,33.5,62.5
2024-04-30,송파구,29.0,55.0
2024-04-30,양천구,32.0,59.0
2024-04-30,영등포구,33.0,57.5
2024-04-30,용산구,34.5,67.0
2024-04-30,은평구,38.0,67.0
2024-04-30,종로구,34.0,56.5
2024-04-30,중구,34.5,60.5
2024-04-30,중랑구,35.0,48.0
2024-05-01,강남구,14.0,26.0
2024-05-01,강동구,10.0,22.0
2024-05-01,강북구,14.0,23.0
2024-05-01,강서구,15.5,31.5
2024-05-01,관악구,18.0,31.0
2024-05-01,광진구,13.0,23.0
2024-05-01,구로구,16.0,33.0
2024-05-01,금천구,16.0,29.5
2024-05-01,노원구,14.5,26.5
2024-05-01,도봉구,12.0,25.0
2024-05-01,동대문구,13.0,24.0
2024-05-01,동작구,15.5,28.0
2024-05-01,마포구,15.5,29.0
2024-05-01,서대문구,13.0,29.0
2024-05-01,서초구,14.5,31.5
2024-05-01,성동구,12.0,24.5
2024-05-01,성북구,13.5,26.0
2024-05-01,송파구,15.0,27.0
2024-05-01,양천구,14.0,28.0
2024-05-01,영등포구,16.0,28.0
2024-05-01,용산구,14.5,29.5
2024-05-01,은평구,13.0,29.0
2024-05-01,종로구,14.0,24.5
2024-05-01,중구,14.5,23.0
2024-05-01,중랑구,13.0,20.0
2024-05-02,강남구,18.5,35.5
2024-05-02,강동구,15.0,35.0
2024-05-02,강북구,18.0,31.0
2024-05-02,강서구,19.0,38.0
2024-05-02,관악구,21.0,39.0
2024-05-02,광진구,18.0,33.0
2024-05-02,구로구,21.0,41.0
2024-05-02,금천구,20.0,36.5
2024-05-02,노원구,19.0,37.0
2024-05-02,도봉구,19.0,33.0
2024-05-02,동대문구,18.5,36.0
2024-05-02,동작구,19.5,35.5
2024-05-02,마포구,19.5,35.5
2024-05-02,서대문구,17.0,38.0
2024-05-02,서초구,19.5,44.5
2024-05-02,성동구,17.0,34.5
2024-05-02,성북구,17.5,37.0
2024-05-02,송파구,19.0,36.0
2024-05-02,양천구,18.0,35.0
2024-05-02,영등포구,20.5,38.0
2024-05-02,용산구,20.0,40.5
2024-05-02,은평구,19.0,38.0
2024-05-02,종로구,18.5,33.0
2024-05-02,중구,18.5,32.0
2024-05-02,중랑구,19.0,29.0
2024-05-03,강남구,26.0,50.5
2024-05-03,강동구,23.0,50.0
2024-05-03,강북구,22.0,38.0
2024-05-03,강서구,22.5,48.5
2024-05-03,관악구,27.0,51.0
2024-05-03,광진구,25.0,46.0
2024-05-03,구로구,27.0,56.0
2024-05-03,금천구,24.5,46.5
2024-05-03,노원구,25.5,49.0
2024-05-03,도봉구,26.0,55.0
2024-05-03,동대문구,26.0,49.0
2024-05-03,동작구,24.0,44.5
2024-05-03,마포구,27.0,51.0
2024-05-03,서대문구,22.0,47.0
2024-05-03,서초구,27.5,56.0
2024-05-03,성동구,25.0,50.5
2024-05-03,성북구,24.0,50.0
2024-05-03,송파구,25.0,48.0
2024-05-03,양천구,23.0,46.0
2024-05-03,영등포구,25.5,47.0
2024-05-03,용산구,28.0,57.0
2024-05-03,은평구,22.0,48.0
2024-05-03,종로구,24.5,44.0
2024-05-03,중구,25.0,47.5
2024-05-03,중랑구,27.0,41.0
2024-05-04,강남구,33.5,58.0
2024-05-04,강동구,32.0,59.0
2024-05-04,강북구,32.0,49.0
2024-05-04,강서구,32.0,57.5
2024-05-04,관악구,32.0,55.0
2024-05-04,광진구,33.0,55.0
2024-05-04,구로구,34.0,62.0
2024-05-04,금천구,30.0,51.5
2024-05-04,노원구,35.5,59.0
2024-05-04,도봉구,33.0,56.0
2024-05-04,동대문구,35.0,59.0
2024-05-04,동작구,31.0,53.0
2024-05-04,마포구,35.5,58.5
2024-05-04,서대문구,32.0,58.0
2024-05-04,서초구,34.5,64.5
2024-05-04,성동구,32.0,58.5
2024-05-04,성북구,34.5,58.5
2024-05-04,송파구,31.0,57.0
2024-05-04,양천구,30.0,51.0
2024-05-04,영등포구,33.0,53.5
2024-05-04,용산구,36.0,65.0
2024-05-04,은평구,33.0,57.0
2024-05-04,종로구,33.0,51.5
2024-05-04,중구,34.0,54.0
2024-05-04,중랑구,36.0,49.0
2024-05-05,강남구,15.5,21.5
2024-05-05,강동구,15.5,22.5
2024-05-05,강북구,13.0,20.0
2024-05-05,강서구,12.5,24.0
2024-05-05,관악구,14.0,25.0
2024-05-05,광진구,16.0,25.0
2024-05-05,구로구,12.0,17.0
2024-05-05,금천구,12.0,22.0
2024-05-05,노원구,17.0,27.0
2024-05-05,도봉구,14.0,20.0
2024-05-05,동대문구,16.5,25.5
2024-05-05,동작구,12.5,23.0
2024-05-05,마포구,14.5,23.0
2024-05-05,서대문구,13.0,19.0
2024-05-05,서초구,13.0,19.5
2024-05-05,성동구,15.5,23.5
2024-05-05,성북구,16.0,29.0
2024-05-05,송파구,13.0,22.0
2024-05-05,양천구,13.0,23.0
2024-05-05,영등포구,14.5,22.5
2024-05-05,용산구,16.5,25.5
2024-05-05,은평구,14.0,19.0
2024-05-05,종로구,15.5,23.5
2024-05-05,중구,16.0,28.5
2024-05-05,중랑구,16.0,23.0
2024-05-06,강남구,7.5,11.5
2024-05-06,강동구,8.5,12.0
2024-05-06,강북구,5.0,8.0
2024-05-06,강서구,7.0,12.0
2024-05-06,관악구,8.0,14.0
2024-05-06,광진구,6.0,10.0
2024-05-06,구로구,9.0,12.0
2024-05-06,금천구,7.0,12.0
2024-05-06,노원구,7.5,11.5
2024-05-06,도봉구,7.0,10.0
2024-05-06,동대문구,6.5,10.5
2024-05-06,동작구,8.0,14.0
2024-05-06,마포구,8.0,12.5
2024-05-06,서대문구,8.0,13.0
2024-05-06,서초구,10.0,14.5
2024-05-06,성동구,8.0,12.0
2024-05-06,성북구,6.5,12.0
2024-05-06,송파구,6.0,10.0
2024-05-06,양천구,6.0,13.0
2024-05-06,영등포구,8.0,12.5
2024-05-06,용산구,9.5,16.0
2024-05-06,은평구,10.0,12.0
2024-05-06,종로구,6.5,10.5
2024-05-06,중구,7.0,12.0
2024-05-06,중랑구,7.0,10.0
2024-05-07,강남구,14.0,23.0
2024-05-07,강동구,13.5,23.5
2024-05-07,강북구,12.0,18.0
2024-05-07,강서구,12.0,21.5
2024-05-07,관악구,12.0,21.0
2024-05-07,광진구,12.0,20.0
2024-05-07,구로구,13.0,21.0
2024-05-07,금천구,11.5,19.5
2024-05-07,노원구,13.0,23.5
2024-05-07,도봉구,14.0,20.0
2024-05-07,동대문구,13.0,22.0
2024-05-07,동작구,13.0,25.0
2024-05-07,마포구,12.5,20.5
2024-05-07,서대문구,13.0,22.0
2024-05-07,서초구,15.5,27.0
2024-05-07,성동구,14.5,21.0
2024-05-07,성북구,13.5,23.5
2024-05-07,송파구,13.0,21.0
2024-05-07,양천구,12.0,21.0
2024-05-07,영등포구,13.5,20.5
2024-05-07,용산구,14.0,25.0
2024-05-07,은평구,12.0,21.0
2024-05-07,종로구,13.0,22.0
2024-05-07,중구,13.5,20.5
2024-05-07,중랑구,13.0,20.0
2024-05-08,강남구,9.5,20.5
2024-05-08,강동구,6.0,22.5
2024-05-08,강북구,9.0,17.0
2024-05-08,강서구,9.0,23.0
2024-05-08,관악구,10.0,22.0
2024-05-08,광진구,9.0,20.0
2024-05-08,구로구,9.0,22.0
2024-05-08,금천구,9.0,22.0
2024-05-08,노원구,11.0,23.5
2024-05-08,도봉구,8.0,19.0
2024-05-08,동대문구,10.0,21.5
2024-05-08,동작구,9.5,23.5
2024-05-08,마포구,10.0,22.5
2024-05-08,서대문구,8.0,20.0
2024-05-08,서초구,8.5,26.0
2024-05-08,성동구,9.0,20.5
2024-05-08,성북구,10.0,21.5
2024-05-08,송파구,9.0,22.0
2024-05-08,양천구,8.0,21.0
2024-05-08,영등포구,10.5,21.5
2024-05-08,용산구,10.0,24.5
2024-05-08,은평구,8.0,20.0
2024-05-08,종로구,10.0,20.0
2024-05-08,중구,9.5,20.5
2024-05-08,중랑구,10.0,17.0
2024-05-09,강남구,15.5,29.5
2024-05-09,강동구,12.0,33.0
2024-05-09,강북구,15.0,26.0
2024-05-09,강서구,13.5,29.5
2024-05-09,관악구,14.0,30.0
2024-05-09,광진구,15.0,29.0
2024-05-09,구로구,15.0,32.0
2024-05-09,금천구,12.5,27.5
2024-05-09,노원구,16.5,32.0
2024-05-09,도봉구,15.0,29.0
2024-05-09,동대문구,15.5,30.5
2024-05-09,동작구,15.0,30.0
2024-05-09,마포구,15.0,30.5
2024-05-09,서대문구,14.0,32.0
2024-05-09,서초구,14.5,36.5
2024-05-09,성동구,14.5,32.0
2024-05-09,성북구,15.0,32.0
2024-05-09,송파구,15.0,30.0
2024-05-09,양천구,12.0,27.0
2024-05-09,영등포구,14.5,29.5
2024-05-09,용산구,17.5,38.0
2024-05-09,은평구,14.0,31.0
2024-05-09,종로구,14.5,28.5
2024-05-09,중구,15.0,30.5
2024-05-09,중랑구,15.0,25.0
2024-05-10,강남구,15.5,29.5
2024-05-10,강동구,13.0,33.5
2024-05-10,강북구,14.0,25.0
2024-05-10,강서구,12.5,27.0
2024-05-10,관악구,15.0,30.0
2024-05-10,광진구,14.0,28.0
2024-05-10,구로구,15.0,31.0
2024-05-10,금천구,13.5,28.0
2024-05-10,노원구,16.5,32.0
2024-05-10,도봉구,16.0,31.0
2024-05-10,동대문구,15.0,31.0
2024-05-10,동작구,15.0,31.0
2024-05-10,마포구,14.5,33.0
2024-05-10,서대문구,13.0,31.0
2024-05-10,서초구,15.5,38.5
2024-05-10,성동구,15.0,31.0
2024-05-10,성북구,15.0,31.5
2024-05-10,송파구,13.0,29.0
2024-05-10,양천구,12.0,26.0
2024-05-10,영등포구,14.0,27.5
2024-05-10,용산구,16.5,36.5
2024-05-10,은평구,14.0,30.0
2024-05-10,종로구,14.5,29.0
2024-05-10,중구,15.0,33.5
2024-05-10,중랑구,15.0,25.0
2024-05-11,강남구,9.0,20.0
2024-05-11,강동구,6.5,21.0
2024-05-11,강북구,7.0,16.0
2024-05-11,강서구,7.5,21.0
2024-05-11,관악구,9.0,23.0
2024-05-11,광진구,8.0,21.0
2024-05-11,구로구,7.0,19.0
2024-05-11,금천구,7.0,21.0
2024-05-11,노원구,9.0,21.5
2024-05-11,도봉구,8.0,21.0
2024-05-11,동대문구,8.0,19.5
2024-05-11,동작구,8.5,21.5
2024-05-11,마포구,8.0,21.5
2024-05-11,서대문구,7.0,22.0
2024-05-11,서초구,7.5,24.5
2024-05-11,성동구,7.5,20.5
2024-05-11,성북구,8.0,22.5
2024-05-11,송파구,7.0,20.0
2024-05-11,양천구,6.0,21.0
2024-05-11,영등포구,8.5,20.5
2024-05-11,용산구,9.5,27.0
2024-05-11,은평구,8.0,21.0
2024-05-11,종로구,8.0,19.5
2024-05-11,중구,8.0,23.5
2024-05-11,중랑구,8.0,17.0
2024-05-12,강남구,17.0,70.0
2024-05-12,강동구,14.5,69.5
2024-05-12,강북구,13.0,71.0
2024-05-12,강서구,12.5,63.5
2024-05-12,관악구,15.0,67.0
2024-05-12,광진구,13.0,65.0
2024-05-12,구로구,18.0,76.0
2024-05-12,금천구,12.0,66.0
2024-05-12,노원구,15.5,68.0
2024-05-12,도봉구,19.0,75.0
2024-05-12,동대문구,15.5,66.5
2024-05-12,동작구,13.0,68.5
2024-05-12,마포구,14.5,66.5
2024-05-12,서대문구,17.0,74.0
2024-05-12,서초구,18.0,80.5
2024-05-12,성동구,15.0,65.5
2024-05-12,성북구,17.0,74.0
2024-05-12,송파구,15.0,71.0
2024-05-12,양천구,11.0,63.0
2024-05-12,영등포구,13.5,59.5
2024-05-12,용산구,18.0,76.5
2024-05-12,은평구,24.0,75.0
2024-05-12,종로구,14.0,61.0
2024-05-12,중구,15.0,61.5
2024-05-12,중랑구,15.0,51.0
2024-05-13,강남구,15.0,31.5
2024-05-13,강동구,11.5,33.5
2024-05-13,강북구,12.0,25.0
2024-05-13,강서구,14.0,32.5
2024-05-13,관악구,15.0,33.0
2024-05-13,광진구,13.0,30.0
2024-05-13,구로구,14.0,34.0
2024-05-13,금천구,14.0,29.0
2024-05-13,노원구,15.0,32.0
2024-05-13,도봉구,12.0,26.0
2024-05-13,동대문구,13.5,31.5
2024-05-13,동작구,15.0,32.5
2024-05-13,마포구,15.5,32.0
2024-05-13,서대문구,11.0,29.0
2024-05-13,서초구,13.5,37.5
2024-05-13,성동구,13.5,31.5
2024-05-13,성북구,14.0,31.0
2024-05-13,송파구,14.0,33.0
2024-05-13,양천구,12.0,29.0
2024-05-13,영등포구,15.0,30.5
2024-05-13,용산구,15.0,37.0
2024-05-13,은평구,14.0,27.0
2024-05-13,종로구,13.5,29.0
2024-05-13,중구,13.5,31.0
2024-05-13,중랑구,14.0,25.0
2024-05-14,강남구,13.5,27.5
2024-05-14,강동구,10.5,29.5
2024-05-14,강북구,13.0,22.0
2024-05-14,강서구,13.5,30.0
2024-05-14,관악구,15.0,31.0
2024-05-14,광진구,12.0,27.0
2024-05-14,구로구,14.0,31.0
2024-05-14,금천구,14.5,28.5
2024-05-14,노원구,15.5,30.5
2024-05-14,도봉구,12.0,24.0
2024-05-14,동대문구,14.0,30.0
2024-05-14,동작구,14.0,29.0
2024-05-14,마포구,15.0,30.5
2024-05-14,서대문구,12.0,27.0
2024-05-14,서초구,12.5,35.5
2024-05-14,성동구,13.5,28.5
2024-05-14,성북구,12.5,29.0
2024-05-14,송파구,15.0,29.0
2024-05-14,양천구,12.0,27.0
2024-05-14,영등포구,15.5,30.0
2024-05-14,용산구,16.0,35.5
2024-05-14,은평구,13.0,27.0
2024-05-14,종로구,15.0,26.5
2024-05-14,중구,14.5,32.0
2024-05-14,중랑구,14.0,23.0
2024-05-15,강남구,8.5,23.0
2024-05-15,강동구,7.5,24.5
2024-05-15,강북구,7.0,17.0
2024-05-15,강서구,8.0,24.0
2024-05-15,관악구,9.0,25.0
2024-05-15,광진구,8.0,22.0
2024-05-15,구로구,8.0,26.0
2024-05-15,금천구,8.5,23.0
2024-05-15,노원구,9.5,21.5
2024-05-15,도봉구,7.0,17.0
2024-05-15,동대문구,7.5,22.5
2024-05-15,동작구,8.0,24.5
2024-05-15,마포구,7.5,24.0
2024-05-15,서대문구,7.0,22.0
2024-05-15,서초구,8.0,27.0
2024-05-15,성동구,8.5,25.0
2024-05-15,성북구,8.0,23.5
2024-05-15,송파구,7.0,23.0
2024-05-15,양천구,6.0,23.0
2024-05-15,영등포구,8.0,22.5
2024-05-15,용산구,8.5,27.5
2024-05-15,은평구,9.0,20.0
2024-05-15,종로구,7.5,19.5
2024-05-15,중구,7.5,24.0
2024-05-15,중랑구,8.0,18.0
2024-05-16,강남구,8.5,20.0
2024-05-16,강동구,9.0,21.0
2024-05-16,강북구,6.0,15.0
2024-05-16,강서구,7.5,19.5
2024-05-16,관악구,8.0,20.0
2024-05-16,광진구,8.0,15.0
2024-05-16,구로구,9.0,20.0
2024-05-16,금천구,8.5,18.0
2024-05-16,노원구,7.5,19.0
2024-05-16,도봉구,5.0,14.0
2024-05-16,동대문구,9.0,20.0
2024-05-16,동작구,8.5,20.5
2024-05-16,마포구,8.0,19.0
2024-05-16,서대문구,6.0,18.0
2024-05-16,서초구,7.5,23.5
2024-05-16,성동구,7.5,20.0
2024-05-16,성북구,7.0,19.0
2024-05-16,송파구,6.0,18.0
2024-05-16,양천구,8.0,17.0
2024-05-16,영등포구,7.0,18.0
2024-05-16,용산구,8.5,24.0
2024-05-16,은평구,6.0,16.0
2024-05-16,종로구,9.0,18.5
2024-05-16,중구,7.5,19.0
2024-05-16,중랑구,7.0,13.0
2024-05-17,강남구,21.0,43.0
2024-05-17,강동구,18.5,43.5
2024-05-17,강북구,17.0,33.0
2024-05-17,강서구,16.5,40.5
2024-05-17,관악구,19.0,43.0
2024-05-17,광진구,17.0,40.0
2024-05-17,구로구,22.0,47.0
2024-05-17,금천구,18.0,40.5
2024-05-17,노원구,18.5,39.5
2024-05-17,도봉구,21.0,40.0
2024-05-17,동대문구,19.5,44.0
2024-05-17,동작구,18.0,42.0
2024-05-17,마포구,20.0,42.5
2024-05-17,서대문구,21.0,44.0
2024-05-17,서초구,22.0,51.5
2024-05-17,성동구,20.0,45.0
2024-05-17,성북구,19.5,44.0
2024-05-17,송파구,16.0,39.0
2024-05-17,양천구,16.0,42.0
2024-05-17,영등포구,19.0,41.0
2024-05-17,용산구,21.5,51.0
2024-05-17,은평구,23.0,44.0
2024-05-17,종로구,20.0,41.5
2024-05-17,중구,20.5,41.0
2024-05-17,중랑구,19.0,36.0
2024-05-18,강남구,12.5,27.5
2024-05-18,강동구,9.5,28.0
2024-05-18,강북구,11.0,23.0
2024-05-18,강서구,9.5,26.5
2024-05-18,관악구,11.0,29.0
2024-05-18,광진구,11.0,26.0
2024-05-18,구로구,11.0,28.0
2024-05-18,금천구,10.5,26.0
2024-05-18,노원구,13.0,29.0
2024-05-18,도봉구,11.0,25.0
2024-05-18,동대문구,11.0,28.5
2024-05-18,동작구,11.5,27.0
2024-05-18,마포구,12.0,30.5
2024-05-18,서대문구,10.0,28.0
2024-05-18,서초구,11.5,33.0
2024-05-18,성동구,12.0,28.5
2024-05-18,성북구,11.5,28.5
2024-05-18,송파구,12.0,29.0
2024-05-18,양천구,9.0,26.0
2024-05-18,영등포구,12.0,27.5
2024-05-18,용산구,12.5,33.0
2024-05-18,은평구,13.0,27.0
2024-05-18,종로구,11.0,26.0
2024-05-18,중구,11.0,26.0
2024-05-18,중랑구,12.0,23.0
2024-05-19,강남구,13.0,24.0
2024-05-19,강동구,9.0,25.0
2024-05-19,강북구,10.0,19.0
2024-05-19,강서구,11.5,25.5
2024-05-19,관악구,14.0,28.0
2024-05-19,광진구,11.0,24.0
2024-05-19,구로구,13.0,26.0
2024-05-19,금천구,11.5,24.5
2024-05-19,노원구,11.5,24.5
2024-05-19,도봉구,8.0,21.0
2024-05-19,동대문구,12.0,25.5
2024-05-19,동작구,13.0,28.0
2024-05-19,마포구,13.0,27.5
2024-05-19,서대문구,11.0,23.0
2024-05-19,서초구,10.5,26.0
2024-05-19,성동구,10.5,24.5
2024-05-19,성북구,10.5,25.0
2024-05-19,송파구,11.0,25.0
2024-05-19,양천구,10.0,26.0
2024-05-19,영등포구,12.5,26.0
2024-05-19,용산구,13.0,28.5
2024-05-19,은평구,10.0,20.0
2024-05-19,종로구,11.0,22.5
2024-05-19,중구,11.5,23.0
2024-05-19,중랑구,10.0,20.0
2024-05-20,강남구,17.0,30.0
2024-05-20,강동구,14.0,30.0
2024-05-20,강북구,16.0,26.0
2024-05-20,강서구,15.5,31.5
2024-05-20,관악구,16.0,33.0
2024-05-20,광진구,16.0,29.0
2024-05-20,구로구,17.0,34.0
2024-05-20,금천구,15.5,30.0
2024-05-20,노원구,17.0,31.5
2024-05-20,도봉구,16.0,28.0
2024-05-20,동대문구,16.5,32.5
2024-05-20,동작구,15.5,30.5
2024-05-20,마포구,17.5,33.5
2024-05-20,서대문구,17.0,34.0
2024-05-20,서초구,15.0,35.0
2024-05-20,성동구,14.0,31.0
2024-05-20,성북구,17.0,33.5
2024-05-20,송파구,14.0,29.0
2024-05-20,양천구,14.0,30.0
2024-05-20,영등포구,15.5,30.0
2024-05-20,용산구,17.5,35.0
2024-05-20,은평구,20.0,37.0
2024-05-20,종로구,16.5,31.0
2024-05-20,중구,17.0,31.5
2024-05-20,중랑구,17.0,28.0
2024-05-21,강남구,31.5,48.0
2024-05-21,강동구,24.0,42.5
2024-05-21,강북구,21.0,31.0
2024-05-21,강서구,29.5,50.5
2024-05-21,관악구,26.0,49.0
2024-05-21,광진구,25.0,37.0
2024-05-21,구로구,37.0,55.0
2024-05-21,금천구,30.5,49.5
2024-05-21,노원구,22.5,37.0
2024-05-21,도봉구,27.0,39.0
2024-05-21,동대문구,24.5,42.0
2024-05-21,동작구,26.0,46.0
2024-05-21,마포구,31.0,47.5
2024-05-21,서대문구,29.0,46.0
2024-05-21,서초구,30.5,50.0
2024-05-21,성동구,26.0,43.5
2024-05-21,성북구,25.0,42.5
2024-05-21,송파구,21.0,39.0
2024-05-21,양천구,29.0,51.0
2024-05-21,영등포구,29.5,47.0
2024-05-21,용산구,29.0,48.5
2024-05-21,은평구,33.0,47.0
2024-05-21,종로구,26.5,45.5
2024-05-21,중구,27.5,43.5
2024-05-21,중랑구,24.0,36.0
2024-05-22,강남구,41.0,56.5
2024-05-22,강동구,41.0,66.0
2024-05-22,강북구,31.0,44.0
2024-05-22,강서구,27.5,47.5
2024-05-22,관악구,31.0,51.0
2024-05-22,광진구,41.0,57.0
2024-05-22,구로구,34.0,49.0
2024-05-22,금천구,31.5,47.0
2024-05-22,노원구,34.0,54.5
2024-05-22,도봉구,36.0,48.0
2024-05-22,동대문구,37.0,58.0
2024-05-22,동작구,32.0,52.5
2024-05-22,마포구,35.5,53.5
2024-05-22,서대문구,38.0,55.0
2024-05-22,서초구,39.0,57.5
2024-05-22,성동구,37.0,58.0
2024-05-22,성북구,35.5,54.5
2024-05-22,송파구,33.0,55.0
2024-05-22,양천구,28.0,46.0
2024-05-22,영등포구,32.5,51.5
2024-05-22,용산구,36.5,57.5
2024-05-22,은평구,40.0,54.0
2024-05-22,종로구,37.0,58.0
2024-05-22,중구,38.0,55.5
2024-05-22,중랑구,40.0,54.0
2024-05-23,강남구,22.5,34.0
2024-05-23,강동구,17.5,34.5
2024-05-23,강북구,16.0,24.0
2024-05-23,강서구,16.5,30.0
2024-05-23,관악구,19.0,34.0
2024-05-23,광진구,19.0,32.0
2024-05-23,구로구,21.0,35.0
2024-05-23,금천구,18.5,31.0
2024-05-23,노원구,19.0,32.0
2024-05-23,도봉구,17.0,29.0
2024-05-23,동대문구,18.5,31.5
2024-05-23,동작구,19.0,31.5
2024-05-23,마포구,18.5,32.5
2024-05-23,서대문구,19.0,32.0
2024-05-23,서초구,20.0,38.0
2024-05-23,성동구,20.0,36.5
2024-05-23,성북구,18.0,32.0
2024-05-23,송파구,18.0,33.0
2024-05-23,양천구,16.0,29.0
2024-05-23,영등포구,19.0,32.0
2024-05-23,용산구,20.0,37.5
2024-05-23,은평구,20.0,32.0
2024-05-23,종로구,18.5,30.5
2024-05-23,중구,18.5,30.0
2024-05-23,중랑구,19.0,28.0
2024-05-24,강남구,27.5,40.0
2024-05-24,강동구,21.0,37.5
2024-05-24,강북구,20.0,26.0
2024-05-24,강서구,24.5,40.5
2024-05-24,관악구,27.0,43.0
2024-05-24,광진구,23.0,34.0
2024-05-24,구로구,32.0,44.0
2024-05-24,금천구,30.0,44.5
2024-05-24,노원구,20.5,32.0
2024-05-24,도봉구,21.0,32.0
2024-05-24,동대문구,22.5,36.0
2024-05-24,동작구,26.5,40.5
2024-05-24,마포구,25.0,36.0
2024-05-24,서대문구,23.0,36.0
2024-05-24,서초구,27.5,45.5
2024-05-24,성동구,22.5,37.5
2024-05-24,성북구,23.0,35.5
2024-05-24,송파구,24.0,36.0
2024-05-24,양천구,26.0,40.0
2024-05-24,영등포구,26.0,38.0
2024-05-24,용산구,24.5,40.0
2024-05-24,은평구,27.0,37.0
2024-05-24,종로구,22.0,32.0
2024-05-24,중구,22.0,32.0
2024-05-24,중랑구,22.0,31.0
2024-05-25,강남구,18.0,33.5
2024-05-25,강동구,10.0,28.5
2024-05-25,강북구,18.0,29.0
2024-05-25,강서구,21.5,40.5
2024-05-25,관악구,24.0,44.0
2024-05-25,광진구,15.0,28.0
2024-05-25,구로구,24.0,43.0
2024-05-25,금천구,23.0,39.0
2024-05-25,노원구,18.0,34.0
2024-05-25,도봉구,18.0,32.0
2024-05-25,동대문구,18.0,33.0
2024-05-25,동작구,19.5,37.0
2024-05-25,마포구,22.0,38.0
2024-05-25,서대문구,19.0,36.0
2024-05-25,서초구,18.0,39.5
2024-05-25,성동구,16.0,29.5
2024-05-25,성북구,19.5,35.5
2024-05-25,송파구,15.0,31.0
2024-05-25,양천구,21.0,38.0
2024-05-25,영등포구,23.0,37.5
2024-05-25,용산구,19.0,39.5
2024-05-25,은평구,21.0,36.0
2024-05-25,종로구,19.5,33.0
2024-05-25,중구,18.5,32.0
2024-05-25,중랑구,14.0,27.0
2024-05-26,강남구,14.0,23.5
2024-05-26,강동구,9.5,23.0
2024-05-26,강북구,14.0,23.0
2024-05-26,강서구,13.0,25.5
2024-05-26,관악구,15.0,27.0
2024-05-26,광진구,14.0,24.0
2024-05-26,구로구,13.0,26.0
2024-05-26,금천구,13.5,24.5
2024-05-26,노원구,14.5,26.0
2024-05-26,도봉구,12.0,22.0
2024-05-26,동대문구,13.0,25.0
2024-05-26,동작구,13.0,26.5
2024-05-26,마포구,14.5,26.5
2024-05-26,서대문구,12.0,23.0
2024-05-26,서초구,11.0,24.5
2024-05-26,성동구,11.5,22.5
2024-05-26,성북구,12.5,26.5
2024-05-26,송파구,12.0,24.0
2024-05-26,양천구,12.0,24.0
2024-05-26,영등포구,14.5,24.5
2024-05-26,용산구,13.0,26.0
2024-05-26,은평구,14.0,24.0
2024-05-26,종로구,14.5,24.0
2024-05-26,중구,13.0,23.5
2024-05-26,중랑구,14.0,23.0
2024-05-27,강남구,12.0,27.0
2024-05-27,강동구,8.0,29.0
2024-05-27,강북구,8.0,19.0
2024-05-27,강서구,8.5,29.0
2024-05-27,관악구,12.0,31.0
2024-05-27,광진구,10.0,24.0
2024-05-27,구로구,11.0,32.0
2024-05-27,금천구,10.5,26.5
2024-05-27,노원구,9.5,24.5
2024-05-27,도봉구,7.0,24.0
2024-05-27,동대문구,10.0,26.0
2024-05-27,동작구,12.5,31.0
2024-05-27,마포구,10.5,28.0
2024-05-27,서대문구,10.0,27.0
2024-05-27,서초구,10.0,33.5
2024-05-27,성동구,9.5,26.5
2024-05-27,성북구,10.5,27.5
2024-05-27,송파구,10.0,30.0
2024-05-27,양천구,8.0,25.0
2024-05-27,영등포구,11.5,27.5
2024-05-27,용산구,10.5,31.5
2024-05-27,은평구,13.0,29.0
2024-05-27,종로구,10.5,24.5
2024-05-27,중구,9.5,23.5
2024-05-27,중랑구,9.0,21.0
2024-05-28,강남구,8.0,17.5
2024-05-28,강동구,5.5,19.5
2024-05-28,강북구,6.0,12.0
2024-05-28,강서구,7.5,20.0
2024-05-28,관악구,8.0,19.0
2024-05-28,광진구,6.0,17.0
2024-05-28,구로구,8.0,20.0
2024-05-28,금천구,8.5,20.0
2024-05-28,노원구,7.5,17.5
2024-05-28,도봉구,6.0,14.0
2024-05-28,동대문구,7.0,17.5
2024-05-28,동작구,7.0,18.0
2024-05-28,마포구,7.5,19.0
2024-05-28,서대문구,6.0,14.0
2024-05-28,서초구,7.5,22.0
2024-05-28,성동구,6.0,15.5
2024-05-28,성북구,7.5,19.0
2024-05-28,송파구,8.0,18.0
2024-05-28,양천구,6.0,16.0
2024-05-28,영등포구,8.0,18.0
2024-05-28,용산구,8.5,20.5
2024-05-28,은평구,6.0,14.0
2024-05-28,종로구,7.0,15.5
2024-05-28,중구,7.0,17.0
2024-05-28,중랑구,7.0,13.0
2024-05-29,강남구,13.5,26.0
2024-05-29,강동구,9.0,25.0
2024-05-29,강북구,11.0,20.0
2024-05-29,강서구,11.0,25.5
2024-05-29,관악구,13.0,27.0
2024-05-29,광진구,11.0,24.0
2024-05-29,구로구,12.0,27.0
2024-05-29,금천구,10.5,23.5
2024-05-29,노원구,12.0,26.0
2024-05-29,도봉구,10.0,22.0
2024-05-29,동대문구,11.5,26.0
2024-05-29,동작구,12.5,27.0
2024-05-29,마포구,13.5,27.5
2024-05-29,서대문구,10.0,25.0
2024-05-29,서초구,11.0,30.5
2024-05-29,성동구,11.0,24.0
2024-05-29,성북구,12.0,27.5
2024-05-29,송파구,13.0,26.0
2024-05-29,양천구,10.0,23.0
2024-05-29,영등포구,13.0,25.5
2024-05-29,용산구,13.5,31.0
2024-05-29,은평구,12.0,25.0
2024-05-29,종로구,12.0,23.0
2024-05-29,중구,12.0,25.0
2024-05-29,중랑구,13.0,22.0
2024-05-30,강남구,19.5,33.0
2024-05-30,강동구,11.0,30.5
2024-05-30,강북구,12.0,17.0
2024-05-30,강서구,14.5,33.0
2024-05-30,관악구,16.0,31.0
2024-05-30,광진구,15.0,27.0
2024-05-30,구로구,17.0,37.0
2024-05-30,금천구,15.0,28.5
2024-05-30,노원구,15.5,28.0
2024-05-30,도봉구,11.0,20.0
2024-05-30,동대문구,15.0,29.0
2024-05-30,동작구,15.0,29.5
2024-05-30,마포구,17.0,31.0
2024-05-30,서대문구,12.0,25.0
2024-05-30,서초구,15.5,36.0
2024-05-30,성동구,17.5,31.5
2024-05-30,성북구,15.0,29.5
2024-05-30,송파구,15.0,30.0
2024-05-30,양천구,13.0,27.0
2024-05-30,영등포구,16.0,29.0
2024-05-30,용산구,17.0,35.5
2024-05-30,은평구,12.0,23.0
2024-05-30,종로구,15.0,26.0
2024-05-30,중구,15.0,27.0
2024-05-30,중랑구,14.0,23.0
2024-05-31,강남구,16.0,25.5
2024-05-31,강동구,11.0,26.5
2024-05-31,강북구,13.0,20.0
2024-05-31,강서구,12.0,24.5
2024-05-31,관악구,14.0,26.0
2024-05-31,광진구,14.0,23.0
2024-05-31,구로구,15.0,26.0
2024-05-31,금천구,13.0,23.0
2024-05-31,노원구,14.5,27.0
2024-05-31,도봉구,12.0,23.0
2024-05-31,동대문구,13.5,26.0
2024-05-31,동작구,13.5,26.5
2024-05-31,마포구,14.0,25.5
2024-05-31,서대문구,12.0,25.0
2024-05-31,서초구,14.5,34.0
2024-05-31,성동구,13.5,27.5
2024-05-31,성북구,14.0,26.5
2024-05-31,송파구,15.0,26.0
2024-05-31,양천구,11.0,22.0
2024-05-31,영등포구,14.0,25.0
2024-05-31,용산구,13.5,31.0
2024-05-31,은평구,14.0,24.0
2024-05-31,종로구,13.5,23.5
2024-05-31,중구,13.0,25.0
2024-05-31,중랑구,13.0,21.0
